Sample name	Sex	Biosample ID	Population code	Population name	Superpopulation code	Superpopulation name	Population elastic ID	Data collections
HG00098	male	SAME123272	GBR	British	EUR	European Ancestry	GBR	1000 Genomes on GRCh38,1000 Genomes phase 3 release
HG00101	male	SAME125153	GBR	British	EUR	European Ancestry	GBR	1000 Genomes on GRCh38,1000 Genomes 30x on GRCh38,1000 Genomes phase 3 release,1000 Genomes phase 1 release,Geuvadis
HG00097	female	SAME123267	GBR	British	EUR	European Ancestry	GBR	1000 Genomes on GRCh38,1000 Genomes 30x on GRCh38,1000 Genomes phase 3 release,1000 Genomes phase 1 release,Geuvadis
HG00100	female	SAME125154	GBR	British	EUR	European Ancestry	GBR	1000 Genomes on GRCh38,1000 Genomes 30x on GRCh38,1000 Genomes phase 3 release,1000 Genomes phase 1 release,Geuvadis
HG00105	male	SAME123949	GBR	British	EUR	European Ancestry	GBR	1000 Genomes on GRCh38,1000 Genomes 30x on GRCh38,1000 Genomes phase 3 release,1000 Genomes phase 1 release,Geuvadis
HG00245	female	SAME123218	GBR	British	EUR	European Ancestry	GBR	1000 Genomes on GRCh38,1000 Genomes 30x on GRCh38,1000 Genomes phase 3 release,1000 Genomes phase 1 release,Geuvadis
HG00252	male	SAME123052	GBR	British	EUR	European Ancestry	GBR	1000 Genomes on GRCh38,1000 Genomes 30x on GRCh38,1000 Genomes phase 3 release,1000 Genomes phase 1 release,Geuvadis
HG00257	female	SAME123047	GBR	British	EUR	European Ancestry	GBR	1000 Genomes on GRCh38,1000 Genomes 30x on GRCh38,1000 Genomes phase 3 release,1000 Genomes phase 1 release,Geuvadis
HG00264	male	SAME123578	GBR	British	EUR	European Ancestry	GBR	1000 Genomes on GRCh38,1000 Genomes 30x on GRCh38,1000 Genomes phase 3 release,1000 Genomes phase 1 release,Geuvadis
HG00137	female	SAME123066	GBR	British	EUR	European Ancestry	GBR	1000 Genomes on GRCh38,1000 Genomes 30x on GRCh38,1000 Genomes phase 3 release,1000 Genomes phase 1 release,Geuvadis
HG00144	female	SAME124392	GBR	British	EUR	European Ancestry	GBR	1000 Genomes on GRCh38,1000 Genomes phase 3 release
HG00149	male	SAME124387	GBR	British	EUR	European Ancestry	GBR	1000 Genomes on GRCh38,1000 Genomes 30x on GRCh38,1000 Genomes phase 3 release,1000 Genomes phase 1 release,Geuvadis
HG00244	male	SAME123217	GBR	British	EUR	European Ancestry	GBR	1000 Genomes on GRCh38,1000 Genomes 30x on GRCh38,1000 Genomes phase 3 release,1000 Genomes phase 1 release,Geuvadis
HG00151	male	SAME124592	GBR	British	EUR	European Ancestry	GBR	1000 Genomes on GRCh38,1000 Genomes 30x on GRCh38,1000 Genomes phase 3 release,1000 Genomes phase 1 release,Geuvadis
HG00249	female	SAME123227	GBR	British	EUR	European Ancestry	GBR	1000 Genomes on GRCh38,1000 Genomes phase 3 release,1000 Genomes phase 1 release,Geuvadis
HG00156	male	SAME123276	GBR	British	EUR	European Ancestry	GBR	1000 Genomes on GRCh38,1000 Genomes phase 3 release,1000 Genomes phase 1 release,Geuvadis
HG00251	male	SAME123053	GBR	British	EUR	European Ancestry	GBR	1000 Genomes on GRCh38,1000 Genomes 30x on GRCh38,1000 Genomes phase 3 release,1000 Genomes phase 1 release,Geuvadis
HG00256	male	SAME123048	GBR	British	EUR	European Ancestry	GBR	1000 Genomes on GRCh38,1000 Genomes 30x on GRCh38,1000 Genomes phase 3 release,1000 Genomes phase 1 release,Geuvadis
HG00263	female	SAME123581	GBR	British	EUR	European Ancestry	GBR	1000 Genomes on GRCh38,1000 Genomes 30x on GRCh38,1000 Genomes phase 3 release,1000 Genomes phase 1 release,Geuvadis
HG00233	female	SAME124127	GBR	British	EUR	European Ancestry	GBR	1000 Genomes on GRCh38,1000 Genomes 30x on GRCh38,1000 Genomes phase 3 release,1000 Genomes phase 1 release,Geuvadis
HG00238	female	SAME124131	GBR	British	EUR	European Ancestry	GBR	1000 Genomes on GRCh38,1000 Genomes 30x on GRCh38,1000 Genomes phase 3 release,1000 Genomes phase 1 release,Geuvadis
HG00240	female	SAME123221	GBR	British	EUR	European Ancestry	GBR	1000 Genomes on GRCh38,1000 Genomes 30x on GRCh38,1000 Genomes phase 3 release,1000 Genomes phase 1 release,Geuvadis
HG00113	male	SAME125342	GBR	British	EUR	European Ancestry	GBR	1000 Genomes on GRCh38,1000 Genomes 30x on GRCh38,1000 Genomes phase 3 release,1000 Genomes phase 1 release
HG00118	female	SAME125347	GBR	British	EUR	European Ancestry	GBR	1000 Genomes on GRCh38,1000 Genomes 30x on GRCh38,1000 Genomes phase 3 release,1000 Genomes phase 1 release,Geuvadis
HG00120	female	SAME122874	GBR	British	EUR	European Ancestry	GBR	1000 Genomes on GRCh38,1000 Genomes 30x on GRCh38,1000 Genomes phase 3 release,1000 Genomes phase 1 release,Geuvadis
HG00125	female	SAME122869	GBR	British	EUR	European Ancestry	GBR	1000 Genomes on GRCh38,1000 Genomes 30x on GRCh38,1000 Genomes phase 3 release,1000 Genomes phase 1 release,Geuvadis
HG00132	female	SAME123061	GBR	British	EUR	European Ancestry	GBR	1000 Genomes on GRCh38,1000 Genomes 30x on GRCh38,1000 Genomes phase 3 release,1000 Genomes phase 1 release,Geuvadis
HG00106	female	SAME123948	GBR	British	EUR	European Ancestry	GBR	1000 Genomes on GRCh38,1000 Genomes 30x on GRCh38,1000 Genomes phase 3 release,1000 Genomes phase 1 release,Geuvadis
HG00232	female	SAME124128	GBR	British	EUR	European Ancestry	GBR	1000 Genomes on GRCh38,1000 Genomes 30x on GRCh38,1000 Genomes phase 3 release,1000 Genomes phase 1 release,Geuvadis
HG00237	female	SAME124124	GBR	British	EUR	European Ancestry	GBR	1000 Genomes on GRCh38,1000 Genomes 30x on GRCh38,1000 Genomes phase 3 release,1000 Genomes phase 1 release,Geuvadis
HG00112	male	SAME125341	GBR	British	EUR	European Ancestry	GBR	1000 Genomes on GRCh38,1000 Genomes 30x on GRCh38,1000 Genomes phase 3 release,1000 Genomes phase 1 release,Geuvadis
HG00117	male	SAME125346	GBR	British	EUR	European Ancestry	GBR	1000 Genomes on GRCh38,1000 Genomes 30x on GRCh38,1000 Genomes phase 3 release,1000 Genomes phase 1 release,Geuvadis
HG00124	female	SAME122870	GBR	British	EUR	European Ancestry	GBR	1000 Genomes on GRCh38,1000 Genomes phase 3 release,1000 Genomes phase 1 release,Geuvadis
HG00129	male	SAME122867	GBR	British	EUR	European Ancestry	GBR	1000 Genomes on GRCh38,1000 Genomes 30x on GRCh38,1000 Genomes phase 3 release,1000 Genomes phase 1 release,Geuvadis
HG00131	male	SAME123064	GBR	British	EUR	European Ancestry	GBR	1000 Genomes on GRCh38,1000 Genomes 30x on GRCh38,1000 Genomes phase 3 release,1000 Genomes phase 1 release,Geuvadis
HG00136	male	SAME123065	GBR	British	EUR	European Ancestry	GBR	1000 Genomes on GRCh38,1000 Genomes 30x on GRCh38,1000 Genomes phase 3 release,1000 Genomes phase 1 release,Geuvadis
HG00143	male	SAME124393	GBR	British	EUR	European Ancestry	GBR	1000 Genomes on GRCh38,1000 Genomes 30x on GRCh38,1000 Genomes phase 3 release,1000 Genomes phase 1 release,Geuvadis
HG00148	male	SAME124388	GBR	British	EUR	European Ancestry	GBR	1000 Genomes on GRCh38,1000 Genomes 30x on GRCh38,1000 Genomes phase 3 release,1000 Genomes phase 1 release,Geuvadis
HG00150	female	SAME124591	GBR	British	EUR	European Ancestry	GBR	1000 Genomes on GRCh38,1000 Genomes 30x on GRCh38,1000 Genomes phase 3 release,1000 Genomes phase 1 release,Geuvadis
HG00155	male	SAME124588	GBR	British	EUR	European Ancestry	GBR	1000 Genomes on GRCh38,1000 Genomes 30x on GRCh38,1000 Genomes phase 3 release,1000 Genomes phase 1 release,Geuvadis
HG02215	female	SAME123904	GBR	British	EUR	European Ancestry	GBR	1000 Genomes on GRCh38,1000 Genomes 30x on GRCh38,1000 Genomes phase 3 release,Geuvadis
NA18488	female	SAME124103	YRI	Yoruba	AFR	African Ancestry	YRI	1000 Genomes on GRCh38,1000 Genomes 30x on GRCh38,1000 Genomes phase 3 release,1000 Genomes phase 1 release,Geuvadis
NA18503	male	SAME125056	YRI	Yoruba	AFR	African Ancestry	YRI	1000 Genomes 30x on GRCh38,1000 Genomes phase 3 release
NA18508	female	SAME124318	YRI	Yoruba	AFR	African Ancestry	YRI	1000 Genomes on GRCh38,1000 Genomes 30x on GRCh38,1000 Genomes phase 3 release,1000 Genomes phase 1 release,Geuvadis
NA18510	male	SAME124886	YRI	Yoruba	AFR	African Ancestry	YRI	1000 Genomes on GRCh38,1000 Genomes 30x on GRCh38,1000 Genomes phase 3 release,1000 Genomes phase 1 release,Geuvadis
NA18484	female	SAME124101	YRI	Yoruba	AFR	African Ancestry	YRI	1000 Genomes 30x on GRCh38,1000 Genomes phase 3 release
NA18489	female	SAME124102	YRI	Yoruba	AFR	African Ancestry	YRI	1000 Genomes on GRCh38,1000 Genomes 30x on GRCh38,1000 Genomes phase 3 release,1000 Genomes phase 1 release,Geuvadis
NA18504	male	SAME125061	YRI	Yoruba	AFR	African Ancestry	YRI	1000 Genomes on GRCh38,1000 Genomes 30x on GRCh38,1000 Genomes phase 3 release,1000 Genomes phase 1 release
NA18509	male	SAME125066	YRI	Yoruba	AFR	African Ancestry	YRI	1000 Genomes phase 3 release
NA18511	female	SAME124885	YRI	Yoruba	AFR	African Ancestry	YRI	1000 Genomes on GRCh38,1000 Genomes 30x on GRCh38,1000 Genomes phase 3 release,1000 Genomes phase 1 release,Geuvadis
NA18934	male	SAME123036	YRI	Yoruba	AFR	African Ancestry	YRI	1000 Genomes on GRCh38,1000 Genomes 30x on GRCh38,1000 Genomes phase 3 release,1000 Genomes phase 1 release,Geuvadis
NA18939	female	SAME123041	JPT	Japanese	EAS	East Asian Ancestry	JPT	1000 Genomes on GRCh38,1000 Genomes 30x on GRCh38,Human Genome Structural Variation Consortium, Phase 2,1000 Genomes phase 3 release,1000 Genomes phase 1 release
NA18941	female	SAME124311	JPT	Japanese	EAS	East Asian Ancestry	JPT	1000 Genomes on GRCh38,1000 Genomes 30x on GRCh38,1000 Genomes phase 3 release,1000 Genomes phase 1 release
NA18946	female	SAME124312	JPT	Japanese	EAS	East Asian Ancestry	JPT	1000 Genomes on GRCh38,1000 Genomes 30x on GRCh38,1000 Genomes phase 3 release,1000 Genomes phase 1 release
NA18953	male	SAME124113	JPT	Japanese	EAS	East Asian Ancestry	JPT	1000 Genomes on GRCh38,1000 Genomes 30x on GRCh38,1000 Genomes phase 3 release,1000 Genomes phase 1 release
NA18960	male	SAME123956	JPT	Japanese	EAS	East Asian Ancestry	JPT	1000 Genomes on GRCh38,1000 Genomes 30x on GRCh38,1000 Genomes phase 3 release,1000 Genomes phase 1 release
NA18965	male	SAME123961	JPT	Japanese	EAS	East Asian Ancestry	JPT	1000 Genomes on GRCh38,1000 Genomes 30x on GRCh38,1000 Genomes phase 3 release,1000 Genomes phase 1 release
NA18636	male	SAME124320	CHB	Han Chinese	EAS	East Asian Ancestry	CHB	1000 Genomes on GRCh38,1000 Genomes 30x on GRCh38,1000 Genomes phase 3 release,1000 Genomes phase 1 release,90 Han Chinese high coverage genomes
NA18643	male	SAME122981	CHB	Han Chinese	EAS	East Asian Ancestry	CHB	1000 Genomes on GRCh38,1000 Genomes 30x on GRCh38,1000 Genomes phase 3 release,1000 Genomes phase 1 release
NA18648	male	SAME122974	CHB	Han Chinese	EAS	East Asian Ancestry	CHB	1000 Genomes on GRCh38,1000 Genomes 30x on GRCh38,1000 Genomes phase 3 release
NA18749	male	SAME123910	CHB	Han Chinese	EAS	East Asian Ancestry	CHB	1000 Genomes on GRCh38,1000 Genomes 30x on GRCh38,1000 Genomes phase 3 release,1000 Genomes phase 1 release
NA18794	male	SAME124989	CHB	Han Chinese	EAS	East Asian Ancestry	CHB	1000 Genomes on GRCh38,1000 Genomes phase 3 release
NA18852	female	SAME124732	YRI	Yoruba	AFR	African Ancestry	YRI	1000 Genomes 30x on GRCh38,1000 Genomes phase 3 release
NA18857	male	SAME124737	YRI	Yoruba	AFR	African Ancestry	YRI	1000 Genomes 30x on GRCh38,1000 Genomes phase 3 release
NA18864	female	SAME124903	YRI	Yoruba	AFR	African Ancestry	YRI	1000 Genomes on GRCh38,1000 Genomes 30x on GRCh38,1000 Genomes phase 3 release
NA18869	male	SAME124909	YRI	Yoruba	AFR	African Ancestry	YRI	1000 Genomes 30x on GRCh38,1000 Genomes phase 3 release
NA18871	male	SAME125102	YRI	Yoruba	AFR	African Ancestry	YRI	1000 Genomes on GRCh38,1000 Genomes 30x on GRCh38,1000 Genomes phase 3 release,1000 Genomes phase 1 release
NA18876	female	SAME125103	YRI	Yoruba	AFR	African Ancestry	YRI	1000 Genomes on GRCh38,1000 Genomes 30x on GRCh38,1000 Genomes phase 3 release
NA18908	male	SAME123560	YRI	Yoruba	AFR	African Ancestry	YRI	1000 Genomes on GRCh38,1000 Genomes 30x on GRCh38,1000 Genomes phase 3 release,1000 Genomes phase 1 release,Geuvadis
NA18910	male	SAME123402	YRI	Yoruba	AFR	African Ancestry	YRI	1000 Genomes on GRCh38,1000 Genomes 30x on GRCh38,1000 Genomes phase 3 release,1000 Genomes phase 1 release,Geuvadis
NA18915	male	SAME123405	YRI	Yoruba	AFR	African Ancestry	YRI	1000 Genomes on GRCh38,1000 Genomes 30x on GRCh38,1000 Genomes phase 3 release
NA18516	male	SAME124884	YRI	Yoruba	AFR	African Ancestry	YRI	1000 Genomes on GRCh38,1000 Genomes 30x on GRCh38,1000 Genomes phase 3 release,1000 Genomes phase 1 release
NA18523	female	SAME124670	YRI	Yoruba	AFR	African Ancestry	YRI	1000 Genomes on GRCh38,1000 Genomes 30x on GRCh38,1000 Genomes phase 3 release,1000 Genomes phase 1 release
NA18528	female	SAME124661	CHB	Han Chinese	EAS	East Asian Ancestry	CHB	1000 Genomes on GRCh38,1000 Genomes 30x on GRCh38,1000 Genomes phase 3 release,1000 Genomes phase 1 release
NA18530	male	SAME124484	CHB	Han Chinese	EAS	East Asian Ancestry	CHB	1000 Genomes on GRCh38,1000 Genomes 30x on GRCh38,1000 Genomes phase 3 release,1000 Genomes phase 1 release
NA18535	female	SAME124487	CHB	Han Chinese	EAS	East Asian Ancestry	CHB	1000 Genomes on GRCh38,1000 Genomes 30x on GRCh38,1000 Genomes phase 3 release,1000 Genomes phase 1 release
NA18542	female	SAME124267	CHB	Han Chinese	EAS	East Asian Ancestry	CHB	1000 Genomes on GRCh38,1000 Genomes 30x on GRCh38,1000 Genomes phase 3 release,1000 Genomes phase 1 release,90 Han Chinese high coverage genomes
NA18559	male	SAME124093	CHB	Han Chinese	EAS	East Asian Ancestry	CHB	1000 Genomes on GRCh38,1000 Genomes 30x on GRCh38,1000 Genomes phase 3 release,1000 Genomes phase 1 release
NA18561	male	SAME123926	CHB	Han Chinese	EAS	East Asian Ancestry	CHB	1000 Genomes on GRCh38,1000 Genomes 30x on GRCh38,1000 Genomes phase 3 release,1000 Genomes phase 1 release,90 Han Chinese high coverage genomes
NA18566	female	SAME123923	CHB	Han Chinese	EAS	East Asian Ancestry	CHB	1000 Genomes on GRCh38,1000 Genomes 30x on GRCh38,1000 Genomes phase 3 release,1000 Genomes phase 1 release,90 Han Chinese high coverage genomes
NA18573	female	SAME123738	CHB	Han Chinese	EAS	East Asian Ancestry	CHB	1000 Genomes on GRCh38,1000 Genomes 30x on GRCh38,1000 Genomes phase 3 release,1000 Genomes phase 1 release,90 Han Chinese high coverage genomes
NA18592	female	SAME123721	CHB	Han Chinese	EAS	East Asian Ancestry	CHB	1000 Genomes on GRCh38,1000 Genomes 30x on GRCh38,1000 Genomes phase 3 release,1000 Genomes phase 1 release,90 Han Chinese high coverage genomes
NA18597	female	SAME123232	CHB	Han Chinese	EAS	East Asian Ancestry	CHB	1000 Genomes on GRCh38,1000 Genomes 30x on GRCh38,1000 Genomes phase 3 release,1000 Genomes phase 1 release
NA18605	male	SAME124877	CHB	Han Chinese	EAS	East Asian Ancestry	CHB	1000 Genomes on GRCh38,1000 Genomes 30x on GRCh38,1000 Genomes phase 3 release,1000 Genomes phase 1 release,90 Han Chinese high coverage genomes
NA18612	male	SAME125036	CHB	Han Chinese	EAS	East Asian Ancestry	CHB	1000 Genomes on GRCh38,1000 Genomes 30x on GRCh38,1000 Genomes phase 3 release,1000 Genomes phase 1 release,90 Han Chinese high coverage genomes
NA18933	female	SAME123037	YRI	Yoruba	AFR	African Ancestry	YRI	1000 Genomes on GRCh38,1000 Genomes 30x on GRCh38,1000 Genomes phase 3 release,1000 Genomes phase 1 release,Geuvadis
NA18617	female	SAME125033	CHB	Han Chinese	EAS	East Asian Ancestry	CHB	1000 Genomes on GRCh38,1000 Genomes 30x on GRCh38,1000 Genomes phase 3 release,1000 Genomes phase 1 release
NA18940	male	SAME124310	JPT	Japanese,Japanese	EAS	East Asia (SGDP),East Asian Ancestry	JapaneseSGDP,JPT	1000 Genomes on GRCh38,Simons Genome Diversity Project,1000 Genomes 30x on GRCh38,1000 Genomes phase 3 release,1000 Genomes phase 1 release
NA18624	male	SAME124506	CHB	Han Chinese	EAS	East Asian Ancestry	CHB	1000 Genomes on GRCh38,1000 Genomes 30x on GRCh38,1000 Genomes phase 3 release,1000 Genomes phase 1 release,90 Han Chinese high coverage genomes
NA18945	male	SAME124315	JPT	Japanese	EAS	East Asian Ancestry	JPT	1000 Genomes on GRCh38,1000 Genomes 30x on GRCh38,1000 Genomes phase 3 release,1000 Genomes phase 1 release
NA18629	male	SAME124501	CHB	Han Chinese	EAS	East Asian Ancestry	CHB	1000 Genomes on GRCh38,1000 Genomes 30x on GRCh38,1000 Genomes phase 3 release
NA18952	male	SAME124114	JPT	Japanese	EAS	East Asian Ancestry	JPT	1000 Genomes on GRCh38,1000 Genomes 30x on GRCh38,1000 Genomes phase 3 release,1000 Genomes phase 1 release
NA18631	female	SAME124056	CHB	Han Chinese	EAS	East Asian Ancestry	CHB	1000 Genomes on GRCh38,1000 Genomes 30x on GRCh38,1000 Genomes phase 3 release,1000 Genomes phase 1 release
NA18957	female	SAME124109	JPT	Japanese	EAS	East Asian Ancestry	JPT	1000 Genomes on GRCh38,1000 Genomes 30x on GRCh38,1000 Genomes phase 3 release,1000 Genomes phase 1 release
NA18972	female	SAME123762	JPT	Japanese	EAS	East Asian Ancestry	JPT	1000 Genomes on GRCh38,1000 Genomes 30x on GRCh38,1000 Genomes phase 3 release,1000 Genomes phase 1 release
NA18964	female	SAME123960	JPT	Japanese	EAS	East Asian Ancestry	JPT	1000 Genomes on GRCh38,1000 Genomes 30x on GRCh38,1000 Genomes phase 3 release,1000 Genomes phase 1 release
NA18977	male	SAME123765	JPT	Japanese	EAS	East Asian Ancestry	JPT	1000 Genomes on GRCh38,1000 Genomes 30x on GRCh38,1000 Genomes phase 3 release,1000 Genomes phase 1 release
NA18515	male	SAME124881	YRI	Yoruba	AFR	African Ancestry	YRI	1000 Genomes 30x on GRCh38,1000 Genomes phase 3 release
NA18984	male	SAME125071	JPT	Japanese	EAS	East Asian Ancestry	JPT	1000 Genomes on GRCh38,1000 Genomes 30x on GRCh38,1000 Genomes phase 3 release,1000 Genomes phase 1 release
NA18522	male	SAME124669	YRI	Yoruba	AFR	African Ancestry	YRI	1000 Genomes on GRCh38,1000 Genomes 30x on GRCh38,1000 Genomes phase 3 release,1000 Genomes phase 1 release
NA18989	male	SAME125079	JPT	Japanese	EAS	East Asian Ancestry	JPT	1000 Genomes on GRCh38,1000 Genomes 30x on GRCh38,Human Genome Structural Variation Consortium, Phase 3,1000 Genomes phase 3 release,1000 Genomes phase 1 release
NA18527	female	SAME124674	CHB	Han Chinese	EAS	East Asian Ancestry	CHB	1000 Genomes on GRCh38,1000 Genomes phase 3 release,1000 Genomes phase 1 release
NA18991	female	SAME124892	JPT	Japanese	EAS	East Asian Ancestry	JPT	1000 Genomes on GRCh38,1000 Genomes 30x on GRCh38,1000 Genomes phase 3 release,1000 Genomes phase 1 release
NA18534	male	SAME124488	CHB	Han Chinese	EAS	East Asian Ancestry	CHB	1000 Genomes on GRCh38,1000 Genomes 30x on GRCh38,Human Genome Structural Variation Consortium, Phase 2,1000 Genomes phase 3 release,1000 Genomes phase 1 release
NA18547	female	SAME124264	CHB	Han Chinese	EAS	East Asian Ancestry	CHB	1000 Genomes on GRCh38,1000 Genomes 30x on GRCh38,1000 Genomes phase 3 release,1000 Genomes phase 1 release,90 Han Chinese high coverage genomes
NA18539	female	SAME124475	CHB	Han Chinese	EAS	East Asian Ancestry	CHB	1000 Genomes on GRCh38,1000 Genomes 30x on GRCh38,1000 Genomes phase 3 release,1000 Genomes phase 1 release
NA18541	female	SAME124270	CHB	Han Chinese	EAS	East Asian Ancestry	CHB	1000 Genomes on GRCh38,1000 Genomes 30x on GRCh38,1000 Genomes phase 3 release,1000 Genomes phase 1 release
NA18863	male	SAME124907	YRI	Yoruba	AFR	African Ancestry	YRI	1000 Genomes 30x on GRCh38,1000 Genomes phase 3 release
NA18868	male	SAME124910	YRI	Yoruba	AFR	African Ancestry	YRI	1000 Genomes on GRCh38,1000 Genomes 30x on GRCh38,1000 Genomes phase 3 release,1000 Genomes phase 1 release,Geuvadis
NA18870	female	SAME125101	YRI	Yoruba	AFR	African Ancestry	YRI	1000 Genomes on GRCh38,1000 Genomes 30x on GRCh38,1000 Genomes phase 3 release,1000 Genomes phase 1 release,Geuvadis
NA18875	female	SAME123545	YRI	Yoruba	AFR	African Ancestry	YRI	1000 Genomes 30x on GRCh38,1000 Genomes phase 3 release
NA18907	female	SAME123563	YRI	Yoruba	AFR	African Ancestry	YRI	1000 Genomes on GRCh38,1000 Genomes 30x on GRCh38,1000 Genomes phase 3 release,1000 Genomes phase 1 release,Geuvadis
NA18914	male	SAME123406	YRI	Yoruba	AFR	African Ancestry	YRI	1000 Genomes 30x on GRCh38,1000 Genomes phase 3 release
NA19001	female	SAME124478	JPT	Japanese	EAS	East Asian Ancestry	JPT	1000 Genomes on GRCh38,1000 Genomes 30x on GRCh38,1000 Genomes phase 3 release,1000 Genomes phase 1 release
NA19139	male	SAME125237	YRI	Yoruba	AFR	African Ancestry	YRI	1000 Genomes 30x on GRCh38,1000 Genomes phase 3 release
NA19006	male	SAME125119	JPT	Japanese	EAS	East Asian Ancestry	JPT	1000 Genomes on GRCh38,1000 Genomes 30x on GRCh38,1000 Genomes phase 3 release
NA19141	male	SAME124607	YRI	Yoruba	AFR	African Ancestry	YRI	1000 Genomes on GRCh38,1000 Genomes 30x on GRCh38,1000 Genomes phase 3 release,1000 Genomes phase 1 release,Geuvadis
NA19146	male	SAME125080	YRI	Yoruba	AFR	African Ancestry	YRI	1000 Genomes on GRCh38,1000 Genomes 30x on GRCh38,1000 Genomes phase 3 release,1000 Genomes phase 1 release,Geuvadis
NA19153	male	SAME123019	YRI	Yoruba	AFR	African Ancestry	YRI	1000 Genomes on GRCh38,1000 Genomes 30x on GRCh38,1000 Genomes phase 3 release,1000 Genomes phase 1 release,Geuvadis
NA19160	male	SAME123758	YRI	Yoruba	AFR	African Ancestry	YRI	1000 Genomes on GRCh38,1000 Genomes 30x on GRCh38,1000 Genomes phase 3 release,1000 Genomes phase 1 release,Geuvadis
NA19172	female	SAME124420	YRI	Yoruba	AFR	African Ancestry	YRI	1000 Genomes on GRCh38,1000 Genomes 30x on GRCh38,1000 Genomes phase 3 release,1000 Genomes phase 1 release,Geuvadis
NA18635	male	SAME123661	CHB	Han Chinese	EAS	East Asian Ancestry	CHB	1000 Genomes on GRCh38,1000 Genomes 30x on GRCh38,1000 Genomes phase 3 release,1000 Genomes phase 1 release,90 Han Chinese high coverage genomes
NA19177	male	SAME124417	YRI	Yoruba	AFR	African Ancestry	YRI	1000 Genomes 30x on GRCh38,1000 Genomes phase 3 release
NA18642	female	SAME122982	CHB	Han Chinese	EAS	East Asian Ancestry	CHB	1000 Genomes on GRCh38,1000 Genomes 30x on GRCh38,1000 Genomes phase 3 release,1000 Genomes phase 1 release
NA19184	male	SAME123859	YRI	Yoruba	AFR	African Ancestry	YRI	1000 Genomes on GRCh38,1000 Genomes 30x on GRCh38,1000 Genomes phase 3 release,1000 Genomes phase 1 release,Geuvadis
NA18647	male	SAME122977	CHB	Han Chinese	EAS	East Asian Ancestry	CHB	1000 Genomes on GRCh38,1000 Genomes 30x on GRCh38,1000 Genomes phase 3 release,1000 Genomes phase 1 release
NA19247	female	SAME123691	YRI	Yoruba	AFR	African Ancestry	YRI	1000 Genomes on GRCh38,1000 Genomes 30x on GRCh38,1000 Genomes phase 3 release,1000 Genomes phase 1 release,Geuvadis
NA18748	male	SAME123909	CHB	Han Chinese	EAS	East Asian Ancestry	CHB	1000 Genomes on GRCh38,1000 Genomes 30x on GRCh38,1000 Genomes phase 3 release,1000 Genomes phase 1 release
NA19254	female	SAME123494	YRI	Yoruba	AFR	African Ancestry	YRI	1000 Genomes phase 3 release
NA18856	male	SAME124736	YRI	Yoruba	AFR	African Ancestry	YRI	1000 Genomes on GRCh38,1000 Genomes 30x on GRCh38,1000 Genomes phase 3 release,1000 Genomes phase 1 release
NA18553	female	SAME124088	CHB	Han Chinese	EAS	East Asian Ancestry	CHB	1000 Genomes on GRCh38,1000 Genomes 30x on GRCh38,1000 Genomes phase 3 release,1000 Genomes phase 1 release
NA18558	male	SAME124094	CHB	Han Chinese	EAS	East Asian Ancestry	CHB	1000 Genomes on GRCh38,1000 Genomes 30x on GRCh38,1000 Genomes phase 3 release,1000 Genomes phase 1 release,90 Han Chinese high coverage genomes
NA18560	female	SAME123925	CHB	Han Chinese	EAS	East Asian Ancestry	CHB	1000 Genomes on GRCh38,1000 Genomes 30x on GRCh38,1000 Genomes phase 3 release,1000 Genomes phase 1 release
NA19189	male	SAME123869	YRI	Yoruba	AFR	African Ancestry	YRI	1000 Genomes on GRCh38,1000 Genomes 30x on GRCh38,1000 Genomes phase 3 release,1000 Genomes phase 1 release,Geuvadis
NA18565	female	SAME123922	CHB	Han Chinese	EAS	East Asian Ancestry	CHB	1000 Genomes on GRCh38,1000 Genomes 30x on GRCh38,1000 Genomes phase 3 release,1000 Genomes phase 1 release
NA19191	male	SAME124042	YRI	Yoruba	AFR	African Ancestry	YRI	1000 Genomes 30x on GRCh38,1000 Genomes phase 3 release
NA18572	male	SAME123739	CHB	Han Chinese	EAS	East Asian Ancestry	CHB	1000 Genomes on GRCh38,1000 Genomes 30x on GRCh38,1000 Genomes phase 3 release,1000 Genomes phase 1 release,90 Han Chinese high coverage genomes
NA19196	female	SAME124043	YRI	Yoruba	AFR	African Ancestry	YRI	1000 Genomes phase 3 release
NA18577	female	SAME123734	CHB	Han Chinese	EAS	East Asian Ancestry	CHB	1000 Genomes on GRCh38,1000 Genomes 30x on GRCh38,1000 Genomes phase 3 release,1000 Genomes phase 1 release,90 Han Chinese high coverage genomes
NA19204	female	SAME122985	YRI	Yoruba	AFR	African Ancestry	YRI	1000 Genomes on GRCh38,1000 Genomes 30x on GRCh38,1000 Genomes phase 3 release,1000 Genomes phase 1 release,Geuvadis
NA18591	female	SAME123719	CHB	Han Chinese	EAS	East Asian Ancestry	CHB	1000 Genomes on GRCh38,1000 Genomes 30x on GRCh38,1000 Genomes phase 3 release
NA19209	female	SAME122994	YRI	Yoruba	AFR	African Ancestry	YRI	1000 Genomes on GRCh38,1000 Genomes 30x on GRCh38,1000 Genomes phase 3 release,1000 Genomes phase 1 release,Geuvadis
NA18596	female	SAME123718	CHB	Han Chinese	EAS	East Asian Ancestry	CHB	1000 Genomes on GRCh38,1000 Genomes 30x on GRCh38,1000 Genomes phase 3 release,1000 Genomes phase 1 release
NA19211	male	SAME125382	YRI	Yoruba	AFR	African Ancestry	YRI	1000 Genomes 30x on GRCh38,1000 Genomes phase 3 release
NA18609	male	SAME124867	CHB	Han Chinese	EAS	East Asian Ancestry	CHB	1000 Genomes on GRCh38,1000 Genomes 30x on GRCh38,1000 Genomes phase 3 release,1000 Genomes phase 1 release,90 Han Chinese high coverage genomes
NA19223	male	SAME125223	YRI	Yoruba	AFR	African Ancestry	YRI	1000 Genomes on GRCh38,1000 Genomes 30x on GRCh38,1000 Genomes phase 3 release,1000 Genomes phase 1 release,Geuvadis
NA18611	male	SAME123225	CHB	Han Chinese	EAS	East Asian Ancestry	CHB	1000 Genomes on GRCh38,1000 Genomes 30x on GRCh38,1000 Genomes phase 3 release,1000 Genomes phase 1 release,90 Han Chinese high coverage genomes
NA19235	female	SAME125002	YRI	Yoruba	AFR	African Ancestry	YRI	1000 Genomes on GRCh38,1000 Genomes 30x on GRCh38,1000 Genomes phase 3 release,1000 Genomes phase 1 release,Geuvadis
NA18616	female	SAME125032	CHB	Han Chinese	EAS	East Asian Ancestry	CHB	1000 Genomes on GRCh38,1000 Genomes 30x on GRCh38,1000 Genomes phase 3 release,1000 Genomes phase 1 release
NA18623	male	SAME124507	CHB	Han Chinese	EAS	East Asian Ancestry	CHB	1000 Genomes on GRCh38,1000 Genomes 30x on GRCh38,1000 Genomes phase 3 release,1000 Genomes phase 1 release,90 Han Chinese high coverage genomes
NA18628	female	SAME124502	CHB	Han Chinese	EAS	East Asian Ancestry	CHB	1000 Genomes on GRCh38,1000 Genomes 30x on GRCh38,1000 Genomes phase 3 release,1000 Genomes phase 1 release
NA18630	female	SAME124895	CHB	Han Chinese	EAS	East Asian Ancestry	CHB	1000 Genomes on GRCh38,1000 Genomes 30x on GRCh38,1000 Genomes phase 3 release,1000 Genomes phase 1 release
NA18969	female	SAME123954	JPT	Japanese	EAS	East Asian Ancestry	JPT	1000 Genomes on GRCh38,1000 Genomes 30x on GRCh38,1000 Genomes phase 3 release,1000 Genomes phase 1 release
NA18971	male	SAME123763	JPT	Japanese	EAS	East Asian Ancestry	JPT	1000 Genomes on GRCh38,1000 Genomes 30x on GRCh38,1000 Genomes phase 3 release,1000 Genomes phase 1 release
NA18976	female	SAME123766	JPT	Japanese	EAS	East Asian Ancestry	JPT	1000 Genomes on GRCh38,1000 Genomes 30x on GRCh38,1000 Genomes phase 3 release,1000 Genomes phase 1 release
NA18983	male	SAME125074	JPT	Japanese	EAS	East Asian Ancestry	JPT	1000 Genomes on GRCh38,1000 Genomes 30x on GRCh38,1000 Genomes phase 3 release,1000 Genomes phase 1 release
NA18988	male	SAME125078	JPT	Japanese	EAS	East Asian Ancestry	JPT	1000 Genomes on GRCh38,1000 Genomes 30x on GRCh38,1000 Genomes phase 3 release,1000 Genomes phase 1 release
NA18990	male	SAME124893	JPT	Japanese	EAS	East Asian Ancestry	JPT	1000 Genomes on GRCh38,1000 Genomes 30x on GRCh38,1000 Genomes phase 3 release,1000 Genomes phase 1 release
NA18995	male	SAME124896	JPT	Japanese	EAS	East Asian Ancestry	JPT	1000 Genomes on GRCh38,1000 Genomes 30x on GRCh38,1000 Genomes phase 3 release,1000 Genomes phase 1 release
NA18546	male	SAME124263	CHB	Han Chinese	EAS	East Asian Ancestry	CHB	1000 Genomes on GRCh38,1000 Genomes 30x on GRCh38,1000 Genomes phase 3 release,1000 Genomes phase 1 release
NA19239	male	SAME125081	YRI	Yoruba	AFR	African Ancestry	YRI	1000 Genomes on GRCh38,1000 Genomes 30x on GRCh38,Human Genome Structural Variation Consortium, Phase 2,The Human Genome Structural Variation Consortium,1000 Genomes phase 3 release,1000 Genomes phase 1 release
NA19258	male	SAME125045	YRI	Yoruba	AFR	African Ancestry	YRI	1000 Genomes 30x on GRCh38,1000 Genomes phase 3 release
NA19095	female	SAME123170	YRI	Yoruba	AFR	African Ancestry	YRI	1000 Genomes on GRCh38,1000 Genomes 30x on GRCh38,1000 Genomes phase 3 release,1000 Genomes phase 1 release,Geuvadis
NA19103	male	SAME124330	YRI	Yoruba	AFR	African Ancestry	YRI	1000 Genomes 30x on GRCh38,1000 Genomes phase 3 release
NA19108	female	SAME125378	YRI	Yoruba	AFR	African Ancestry	YRI	1000 Genomes on GRCh38,1000 Genomes 30x on GRCh38,1000 Genomes phase 3 release,1000 Genomes phase 1 release,Geuvadis
NA19115	female	SAME123857	YRI	Yoruba	AFR	African Ancestry	YRI	1000 Genomes 30x on GRCh38,1000 Genomes phase 3 release
NA19122	female	SAME125014	YRI	Yoruba	AFR	African Ancestry	YRI	1000 Genomes 30x on GRCh38,1000 Genomes phase 3 release
NA19127	female	SAME125017	YRI	Yoruba	AFR	African Ancestry	YRI	1000 Genomes 30x on GRCh38,1000 Genomes phase 3 release
NA19002	female	SAME124479	JPT	Japanese	EAS	East Asian Ancestry	JPT	1000 Genomes on GRCh38,1000 Genomes 30x on GRCh38,1000 Genomes phase 3 release,1000 Genomes phase 1 release
NA19007	male	SAME124476	JPT	Japanese	EAS	East Asian Ancestry	JPT	1000 Genomes on GRCh38,1000 Genomes 30x on GRCh38,1000 Genomes phase 3 release,1000 Genomes phase 1 release
NA19190	female	SAME124041	YRI	Yoruba	AFR	African Ancestry	YRI	1000 Genomes on GRCh38,1000 Genomes 30x on GRCh38,1000 Genomes phase 3 release,1000 Genomes phase 1 release,Geuvadis
NA19195	male	SAME125310	YRI	Yoruba	AFR	African Ancestry	YRI	1000 Genomes phase 3 release
NA19057	female	SAME125025	JPT	Japanese	EAS	East Asian Ancestry	JPT	1000 Genomes on GRCh38,1000 Genomes 30x on GRCh38,1000 Genomes phase 3 release,1000 Genomes phase 1 release
NA19203	male	SAME122988	YRI	Yoruba	AFR	African Ancestry	YRI	1000 Genomes 30x on GRCh38,1000 Genomes phase 3 release
NA19064	female	SAME123010	JPT	Japanese	EAS	East Asian Ancestry	JPT	1000 Genomes on GRCh38,1000 Genomes 30x on GRCh38,1000 Genomes phase 3 release,1000 Genomes phase 1 release
NA19208	male	SAME122993	YRI	Yoruba	AFR	African Ancestry	YRI	1000 Genomes 30x on GRCh38,1000 Genomes phase 3 release
NA19076	male	SAME122819	JPT	Japanese	EAS	East Asian Ancestry	JPT	1000 Genomes on GRCh38,1000 Genomes 30x on GRCh38,1000 Genomes phase 3 release,1000 Genomes phase 1 release
NA19210	male	SAME125383	YRI	Yoruba	AFR	African Ancestry	YRI	1000 Genomes on GRCh38,1000 Genomes 30x on GRCh38,1000 Genomes phase 3 release,1000 Genomes phase 1 release,Geuvadis
NA19083	male	SAME123371	JPT	Japanese	EAS	East Asian Ancestry	JPT	1000 Genomes on GRCh38,1000 Genomes 30x on GRCh38,1000 Genomes phase 3 release,1000 Genomes phase 1 release
NA19215	female	SAME125385	YRI	Yoruba	AFR	African Ancestry	YRI	1000 Genomes 30x on GRCh38,1000 Genomes phase 3 release
NA19088	male	SAME123360	JPT	Japanese	EAS	East Asian Ancestry	JPT	1000 Genomes on GRCh38,1000 Genomes 30x on GRCh38,1000 Genomes phase 3 release,1000 Genomes phase 1 release
NA19222	female	SAME124147	YRI	Yoruba	AFR	African Ancestry	YRI	1000 Genomes on GRCh38,1000 Genomes 30x on GRCh38,1000 Genomes phase 3 release,1000 Genomes phase 1 release,Geuvadis
NA19090	female	SAME123175	JPT	Japanese	EAS	East Asian Ancestry	JPT	1000 Genomes on GRCh38,1000 Genomes 30x on GRCh38,1000 Genomes phase 3 release
NA19094	female	SAME123171	YRI	Yoruba	AFR	African Ancestry	YRI	1000 Genomes 30x on GRCh38,1000 Genomes phase 3 release
NA19099	female	SAME125240	YRI	Yoruba	AFR	African Ancestry	YRI	1000 Genomes on GRCh38,1000 Genomes 30x on GRCh38,1000 Genomes phase 3 release,1000 Genomes phase 1 release,Geuvadis
NA19102	female	SAME125112	YRI	Yoruba	AFR	African Ancestry	YRI	1000 Genomes on GRCh38,1000 Genomes 30x on GRCh38,1000 Genomes phase 3 release,1000 Genomes phase 1 release,Geuvadis
NA19107	male	SAME123393	YRI	Yoruba	AFR	African Ancestry	YRI	1000 Genomes on GRCh38,1000 Genomes 30x on GRCh38,1000 Genomes phase 3 release,1000 Genomes phase 1 release,Geuvadis
NA19114	female	SAME122953	YRI	Yoruba	AFR	African Ancestry	YRI	1000 Genomes on GRCh38,1000 Genomes 30x on GRCh38,1000 Genomes phase 3 release,1000 Genomes phase 1 release,Geuvadis
NA19119	male	SAME122944	YRI	Yoruba	AFR	African Ancestry	YRI	1000 Genomes on GRCh38,1000 Genomes 30x on GRCh38,1000 Genomes phase 3 release,1000 Genomes phase 1 release,Geuvadis
NA19121	male	SAME125015	YRI	Yoruba	AFR	African Ancestry	YRI	1000 Genomes on GRCh38,1000 Genomes 30x on GRCh38,1000 Genomes phase 3 release,1000 Genomes phase 1 release,Geuvadis
NA19138	male	SAME125236	YRI	Yoruba	AFR	African Ancestry	YRI	1000 Genomes on GRCh38,1000 Genomes 30x on GRCh38,1000 Genomes phase 3 release,1000 Genomes phase 1 release,Geuvadis
NA19140	female	SAME124608	YRI	Yoruba	AFR	African Ancestry	YRI	1000 Genomes 30x on GRCh38,1000 Genomes phase 3 release
NA19145	male	SAME123372	YRI	Yoruba	AFR	African Ancestry	YRI	1000 Genomes 30x on GRCh38,1000 Genomes phase 3 release
NA19152	female	SAME123017	YRI	Yoruba	AFR	African Ancestry	YRI	1000 Genomes on GRCh38,1000 Genomes 30x on GRCh38,1000 Genomes phase 3 release,1000 Genomes phase 1 release,Geuvadis
NA19171	male	SAME124419	YRI	Yoruba	AFR	African Ancestry	YRI	1000 Genomes on GRCh38,1000 Genomes 30x on GRCh38,1000 Genomes phase 3 release,1000 Genomes phase 1 release,Geuvadis
NA19176	female	SAME124416	YRI	Yoruba	AFR	African Ancestry	YRI	1000 Genomes 30x on GRCh38,1000 Genomes phase 3 release
NA19056	male	SAME125026	JPT	Japanese	EAS	East Asian Ancestry	JPT	1000 Genomes on GRCh38,1000 Genomes 30x on GRCh38,1000 Genomes phase 3 release,1000 Genomes phase 1 release
NA19063	male	SAME123006	JPT	Japanese	EAS	East Asian Ancestry	JPT	1000 Genomes on GRCh38,1000 Genomes 30x on GRCh38,1000 Genomes phase 3 release,1000 Genomes phase 1 release
NA19068	male	SAME123012	JPT	Japanese	EAS	East Asian Ancestry	JPT	1000 Genomes on GRCh38,1000 Genomes 30x on GRCh38,1000 Genomes phase 3 release,1000 Genomes phase 1 release
NA19070	male	SAME122820	JPT	Japanese	EAS	East Asian Ancestry	JPT	1000 Genomes on GRCh38,1000 Genomes 30x on GRCh38,1000 Genomes phase 3 release,1000 Genomes phase 1 release
NA19075	male	SAME122816	JPT	Japanese	EAS	East Asian Ancestry	JPT	1000 Genomes on GRCh38,1000 Genomes 30x on GRCh38,1000 Genomes phase 3 release,1000 Genomes phase 1 release
NA19082	male	SAME123370	JPT	Japanese	EAS	East Asian Ancestry	JPT	1000 Genomes on GRCh38,1000 Genomes 30x on GRCh38,1000 Genomes phase 3 release,1000 Genomes phase 1 release
NA19087	female	SAME123367	JPT	Japanese	EAS	East Asian Ancestry	JPT	1000 Genomes on GRCh38,1000 Genomes 30x on GRCh38,1000 Genomes phase 3 release,1000 Genomes phase 1 release
HG00099	female	SAME123271	GBR	British	EUR	European Ancestry	GBR	1000 Genomes on GRCh38,1000 Genomes 30x on GRCh38,1000 Genomes phase 3 release,1000 Genomes phase 1 release,Geuvadis
HG00102	female	SAME123945	GBR	British	EUR	European Ancestry	GBR	1000 Genomes on GRCh38,1000 Genomes 30x on GRCh38,1000 Genomes phase 3 release,1000 Genomes phase 1 release,Geuvadis
HG00107	male	SAME123947	GBR	British	EUR	European Ancestry	GBR	1000 Genomes on GRCh38,1000 Genomes 30x on GRCh38,1000 Genomes phase 3 release,1000 Genomes phase 1 release,Geuvadis
HG00116	male	SAME125345	GBR	British	EUR	European Ancestry	GBR	1000 Genomes on GRCh38,1000 Genomes 30x on GRCh38,1000 Genomes phase 3 release,1000 Genomes phase 1 release,Geuvadis
HG00123	female	SAME122875	GBR	British	EUR	European Ancestry	GBR	1000 Genomes on GRCh38,1000 Genomes 30x on GRCh38,1000 Genomes phase 3 release,1000 Genomes phase 1 release,Geuvadis
HG00128	female	SAME122868	GBR	British,English	EUR	European Ancestry,West Eurasia (SGDP)	GBR,EnglishSGDP	1000 Genomes on GRCh38,Simons Genome Diversity Project,1000 Genomes 30x on GRCh38,1000 Genomes phase 3 release,1000 Genomes phase 1 release,Geuvadis
HG00130	female	SAME123063	GBR	British	EUR	European Ancestry	GBR	1000 Genomes on GRCh38,1000 Genomes 30x on GRCh38,1000 Genomes phase 3 release,1000 Genomes phase 1 release,Geuvadis
HG00096	male	SAME123268	GBR	British	EUR	European Ancestry	GBR	1000 Genomes on GRCh38,1000 Genomes 30x on GRCh38,Human Genome Structural Variation Consortium, Phase 2,1000 Genomes phase 3 release,1000 Genomes phase 1 release,Geuvadis
HG00104	female	SAME123950	GBR	British	EUR	European Ancestry	GBR	1000 Genomes on GRCh38,1000 Genomes phase 3 release,1000 Genomes phase 1 release,Geuvadis
HG00109	male	SAME125160	GBR	British	EUR	European Ancestry	GBR	1000 Genomes on GRCh38,1000 Genomes 30x on GRCh38,1000 Genomes phase 3 release,1000 Genomes phase 1 release,Geuvadis
HG00111	female	SAME125340	GBR	British	EUR	European Ancestry	GBR	1000 Genomes on GRCh38,1000 Genomes 30x on GRCh38,1000 Genomes phase 3 release,1000 Genomes phase 1 release,Geuvadis
HG00234	male	SAME124123	GBR	British	EUR	European Ancestry	GBR	1000 Genomes on GRCh38,1000 Genomes 30x on GRCh38,1000 Genomes phase 3 release,1000 Genomes phase 1 release,Geuvadis
HG00239	female	SAME124130	GBR	British	EUR	European Ancestry	GBR	1000 Genomes on GRCh38,1000 Genomes 30x on GRCh38,1000 Genomes phase 3 release,1000 Genomes phase 1 release,Geuvadis
HG00114	male	SAME125343	GBR	British	EUR	European Ancestry	GBR	1000 Genomes on GRCh38,1000 Genomes 30x on GRCh38,1000 Genomes phase 3 release,1000 Genomes phase 1 release,Geuvadis
HG00248	female	SAME123226	GBR	British	EUR	European Ancestry	GBR	1000 Genomes phase 3 release
HG00119	male	SAME125348	GBR	British	EUR	European Ancestry	GBR	1000 Genomes on GRCh38,1000 Genomes 30x on GRCh38,1000 Genomes phase 3 release,1000 Genomes phase 1 release,Geuvadis
HG00250	female	SAME123054	GBR	British	EUR	European Ancestry	GBR	1000 Genomes on GRCh38,1000 Genomes 30x on GRCh38,1000 Genomes phase 3 release,1000 Genomes phase 1 release,Geuvadis
HG00121	female	SAME122873	GBR	British	EUR	European Ancestry	GBR	1000 Genomes on GRCh38,1000 Genomes 30x on GRCh38,1000 Genomes phase 3 release,1000 Genomes phase 1 release,Geuvadis
HG00255	female	SAME123049	GBR	British	EUR	European Ancestry	GBR	1000 Genomes on GRCh38,1000 Genomes 30x on GRCh38,1000 Genomes phase 3 release,1000 Genomes phase 1 release,Geuvadis
HG00126	male	SAME122872	GBR	British,English	EUR	European Ancestry,West Eurasia (SGDP)	GBR,EnglishSGDP	1000 Genomes on GRCh38,Simons Genome Diversity Project,1000 Genomes 30x on GRCh38,1000 Genomes phase 3 release,1000 Genomes phase 1 release,Geuvadis
HG00262	female	SAME123580	GBR	British	EUR	European Ancestry	GBR	1000 Genomes on GRCh38,1000 Genomes 30x on GRCh38,1000 Genomes phase 3 release,1000 Genomes phase 1 release,Geuvadis
HG00133	female	SAME123062	GBR	British	EUR	European Ancestry	GBR	1000 Genomes on GRCh38,1000 Genomes 30x on GRCh38,1000 Genomes phase 3 release,1000 Genomes phase 1 release,Geuvadis
HG00231	female	SAME124126	GBR	British	EUR	European Ancestry	GBR	1000 Genomes on GRCh38,1000 Genomes 30x on GRCh38,1000 Genomes phase 3 release,1000 Genomes phase 1 release,Geuvadis
HG00236	female	SAME123273	GBR	British	EUR	European Ancestry	GBR	1000 Genomes on GRCh38,1000 Genomes 30x on GRCh38,1000 Genomes phase 3 release,1000 Genomes phase 1 release,Geuvadis
HG00243	male	SAME123224	GBR	British	EUR	European Ancestry	GBR	1000 Genomes on GRCh38,1000 Genomes 30x on GRCh38,1000 Genomes phase 3 release,1000 Genomes phase 1 release,Geuvadis
HG00135	female	SAME123068	GBR	British	EUR	European Ancestry	GBR	1000 Genomes on GRCh38,1000 Genomes phase 3 release,1000 Genomes phase 1 release,Geuvadis
HG00142	male	SAME124818	GBR	British	EUR	European Ancestry	GBR	1000 Genomes on GRCh38,1000 Genomes 30x on GRCh38,1000 Genomes phase 3 release,1000 Genomes phase 1 release,Geuvadis
HG00246	male	SAME123219	GBR	British	EUR	European Ancestry	GBR	1000 Genomes on GRCh38,1000 Genomes 30x on GRCh38,1000 Genomes phase 3 release,1000 Genomes phase 1 release,Geuvadis
HG00147	female	SAME124389	GBR	British	EUR	European Ancestry	GBR	1000 Genomes on GRCh38,1000 Genomes phase 3 release
HG00253	female	SAME123051	GBR	British	EUR	European Ancestry	GBR	1000 Genomes on GRCh38,1000 Genomes 30x on GRCh38,1000 Genomes phase 3 release,1000 Genomes phase 1 release,Geuvadis
HG00154	female	SAME124587	GBR	British	EUR	European Ancestry	GBR	1000 Genomes on GRCh38,1000 Genomes 30x on GRCh38,1000 Genomes phase 3 release,1000 Genomes phase 1 release,Geuvadis
HG00258	female	SAME123057	GBR	British	EUR	European Ancestry	GBR	1000 Genomes on GRCh38,1000 Genomes 30x on GRCh38,1000 Genomes phase 3 release,1000 Genomes phase 1 release,Geuvadis
HG00159	male	SAME124586	GBR	British	EUR	European Ancestry	GBR	1000 Genomes on GRCh38,1000 Genomes 30x on GRCh38,1000 Genomes phase 3 release,1000 Genomes phase 1 release,Geuvadis
HG00260	male	SAME123582	GBR	British	EUR	European Ancestry	GBR	1000 Genomes on GRCh38,1000 Genomes 30x on GRCh38,1000 Genomes phase 3 release,1000 Genomes phase 1 release,Geuvadis
HG00265	male	SAME123579	GBR	British	EUR	European Ancestry	GBR	1000 Genomes on GRCh38,1000 Genomes 30x on GRCh38,1000 Genomes phase 3 release,1000 Genomes phase 1 release,Geuvadis
HG00138	male	SAME123059	GBR	British	EUR	European Ancestry	GBR	1000 Genomes on GRCh38,1000 Genomes 30x on GRCh38,1000 Genomes phase 3 release,1000 Genomes phase 1 release,Geuvadis
HG00140	male	SAME124396	GBR	British	EUR	European Ancestry	GBR	1000 Genomes on GRCh38,1000 Genomes 30x on GRCh38,1000 Genomes phase 3 release,1000 Genomes phase 1 release
HG00145	male	SAME124391	GBR	British	EUR	European Ancestry	GBR	1000 Genomes on GRCh38,1000 Genomes 30x on GRCh38,1000 Genomes phase 3 release,1000 Genomes phase 1 release,Geuvadis
HG00152	male	SAME124593	GBR	British	EUR	European Ancestry	GBR	1000 Genomes on GRCh38,1000 Genomes phase 3 release,1000 Genomes phase 1 release,Geuvadis
HG00157	male	SAME124590	GBR	British	EUR	European Ancestry	GBR	1000 Genomes on GRCh38,1000 Genomes 30x on GRCh38,1000 Genomes phase 3 release,1000 Genomes phase 1 release,Geuvadis
HG01789	male	SAME124433	GBR	British	EUR	European Ancestry	GBR	1000 Genomes on GRCh38,1000 Genomes 30x on GRCh38,1000 Genomes phase 3 release,Geuvadis
HG01791	male	SAME124221	GBR	British	EUR	European Ancestry	GBR	1000 Genomes on GRCh38,1000 Genomes 30x on GRCh38,1000 Genomes phase 3 release,Geuvadis
HG00115	male	SAME125344	GBR	British	EUR	European Ancestry	GBR	1000 Genomes on GRCh38,1000 Genomes 30x on GRCh38,1000 Genomes phase 3 release,1000 Genomes phase 1 release,Geuvadis
HG00122	female	SAME122876	GBR	British	EUR	European Ancestry	GBR	1000 Genomes on GRCh38,1000 Genomes 30x on GRCh38,1000 Genomes phase 3 release,1000 Genomes phase 1 release,Geuvadis
HG00127	female	SAME122871	GBR	British	EUR	European Ancestry	GBR	1000 Genomes on GRCh38,1000 Genomes 30x on GRCh38,1000 Genomes phase 3 release,1000 Genomes phase 1 release,Geuvadis
HG00103	male	SAME125151	GBR	British	EUR	European Ancestry	GBR	1000 Genomes on GRCh38,1000 Genomes 30x on GRCh38,1000 Genomes phase 3 release,1000 Genomes phase 1 release,Geuvadis
HG00108	male	SAME125161	GBR	British	EUR	European Ancestry	GBR	1000 Genomes on GRCh38,1000 Genomes 30x on GRCh38,1000 Genomes phase 3 release,1000 Genomes phase 1 release,Geuvadis
HG00110	female	SAME125339	GBR	British	EUR	European Ancestry	GBR	1000 Genomes on GRCh38,1000 Genomes 30x on GRCh38,1000 Genomes phase 3 release,1000 Genomes phase 1 release,Geuvadis
HG00247	female	SAME123220	GBR	British	EUR	European Ancestry	GBR	1000 Genomes on GRCh38,1000 Genomes phase 3 release,1000 Genomes phase 1 release,Geuvadis
HG00254	female	SAME123050	GBR	British	EUR	European Ancestry	GBR	1000 Genomes on GRCh38,1000 Genomes 30x on GRCh38,1000 Genomes phase 3 release,1000 Genomes phase 1 release
HG00259	female	SAME123056	GBR	British	EUR	European Ancestry	GBR	1000 Genomes on GRCh38,1000 Genomes 30x on GRCh38,1000 Genomes phase 3 release,1000 Genomes phase 1 release,Geuvadis
HG00261	female	SAME123583	GBR	British	EUR	European Ancestry	GBR	1000 Genomes on GRCh38,1000 Genomes 30x on GRCh38,1000 Genomes phase 3 release,1000 Genomes phase 1 release,Geuvadis
HG00134	female	SAME123067	GBR	British	EUR	European Ancestry	GBR	1000 Genomes on GRCh38,1000 Genomes phase 3 release,1000 Genomes phase 1 release,Geuvadis
HG00139	male	SAME123060	GBR	British	EUR	European Ancestry	GBR	1000 Genomes on GRCh38,1000 Genomes 30x on GRCh38,1000 Genomes phase 3 release,1000 Genomes phase 1 release,Geuvadis
HG00141	male	SAME124395	GBR	British	EUR	European Ancestry	GBR	1000 Genomes on GRCh38,1000 Genomes 30x on GRCh38,1000 Genomes phase 3 release,1000 Genomes phase 1 release,Geuvadis
HG00146	female	SAME124390	GBR	British	EUR	European Ancestry	GBR	1000 Genomes on GRCh38,1000 Genomes 30x on GRCh38,1000 Genomes phase 3 release,1000 Genomes phase 1 release,Geuvadis
HG00153	female	SAME124594	GBR	British	EUR	European Ancestry	GBR	1000 Genomes on GRCh38,1000 Genomes phase 3 release
HG00158	female	SAME124585	GBR	British	EUR	European Ancestry	GBR	1000 Genomes on GRCh38,1000 Genomes 30x on GRCh38,1000 Genomes phase 3 release,1000 Genomes phase 1 release,Geuvadis
HG00160	male	SAME124780	GBR	British	EUR	European Ancestry	GBR	1000 Genomes on GRCh38,1000 Genomes 30x on GRCh38,1000 Genomes phase 3 release,1000 Genomes phase 1 release,Geuvadis
HG00235	female	SAME124122	GBR	British	EUR	European Ancestry	GBR	1000 Genomes on GRCh38,1000 Genomes 30x on GRCh38,1000 Genomes phase 3 release,1000 Genomes phase 1 release,Geuvadis
HG00242	male	SAME123223	GBR	British	EUR	European Ancestry	GBR	1000 Genomes on GRCh38,1000 Genomes 30x on GRCh38,1000 Genomes phase 3 release,1000 Genomes phase 1 release,Geuvadis
HG01334	male	SAME123533	GBR	British	EUR	European Ancestry	GBR	1000 Genomes on GRCh38,1000 Genomes 30x on GRCh38,1000 Genomes phase 3 release,1000 Genomes phase 1 release,Geuvadis
HG01790	female	SAME124222	GBR	British	EUR	European Ancestry	GBR	1000 Genomes on GRCh38,1000 Genomes 30x on GRCh38,1000 Genomes phase 3 release,Geuvadis
NA18485	male	SAME124100	YRI	Yoruba	AFR	African Ancestry	YRI	1000 Genomes 30x on GRCh38,1000 Genomes phase 3 release
NA18497	male	SAME124277	YRI	Yoruba	AFR	African Ancestry	YRI	1000 Genomes 30x on GRCh38,1000 Genomes phase 3 release
NA18500	male	SAME123386	YRI	Yoruba	AFR	African Ancestry	YRI	1000 Genomes 30x on GRCh38,1000 Genomes phase 3 release
NA18505	female	SAME125062	YRI	Yoruba	AFR	African Ancestry	YRI	1000 Genomes on GRCh38,1000 Genomes 30x on GRCh38,1000 Genomes phase 3 release,1000 Genomes phase 1 release,Geuvadis
NA18637	male	SAME124700	CHB	Han Chinese	EAS	East Asian Ancestry	CHB	1000 Genomes on GRCh38,1000 Genomes 30x on GRCh38,1000 Genomes phase 3 release,1000 Genomes phase 1 release,90 Han Chinese high coverage genomes
NA18644	female	SAME122976	CHB	Han Chinese	EAS	East Asian Ancestry	CHB	1000 Genomes on GRCh38,1000 Genomes 30x on GRCh38,1000 Genomes phase 3 release
NA18740	male	SAME123917	CHB	Han Chinese	EAS	East Asian Ancestry	CHB	1000 Genomes on GRCh38,1000 Genomes 30x on GRCh38,1000 Genomes phase 3 release,1000 Genomes phase 1 release
NA18745	male	SAME123914	CHB	Han Chinese	EAS	East Asian Ancestry	CHB	1000 Genomes on GRCh38,1000 Genomes 30x on GRCh38,1000 Genomes phase 3 release,1000 Genomes phase 1 release
NA18757	male	SAME123727	CHB	Han Chinese	EAS	East Asian Ancestry	CHB	1000 Genomes on GRCh38,1000 Genomes 30x on GRCh38,1000 Genomes phase 3 release,1000 Genomes phase 1 release
NA18519	male	SAME124888	YRI	Yoruba	AFR	African Ancestry	YRI	1000 Genomes on GRCh38,1000 Genomes 30x on GRCh38,1000 Genomes phase 3 release,1000 Genomes phase 1 release,Geuvadis
NA18795	female	SAME124990	CHB	Han Chinese	EAS	East Asian Ancestry	CHB	1000 Genomes on GRCh38,1000 Genomes phase 3 release
NA18521	male	SAME123566	YRI	Yoruba	AFR	African Ancestry	YRI	1000 Genomes 30x on GRCh38,1000 Genomes phase 3 release
NA18853	male	SAME124733	YRI	Yoruba	AFR	African Ancestry	YRI	1000 Genomes on GRCh38,1000 Genomes 30x on GRCh38,1000 Genomes phase 3 release,1000 Genomes phase 1 release
NA18526	female	SAME124673	CHB	Han Chinese	EAS	East Asian Ancestry	CHB	1000 Genomes on GRCh38,1000 Genomes 30x on GRCh38,1000 Genomes phase 3 release,1000 Genomes phase 1 release,90 Han Chinese high coverage genomes
NA18858	female	SAME124730	YRI	Yoruba	AFR	African Ancestry	YRI	1000 Genomes on GRCh38,1000 Genomes 30x on GRCh38,1000 Genomes phase 3 release,1000 Genomes phase 1 release,Geuvadis
NA18533	female	SAME124481	CHB	Han Chinese	EAS	East Asian Ancestry	CHB	1000 Genomes on GRCh38,1000 Genomes 30x on GRCh38,1000 Genomes phase 3 release
NA18860	male	SAME124906	YRI	Yoruba	AFR	African Ancestry	YRI	1000 Genomes 30x on GRCh38,1000 Genomes phase 3 release
NA18538	female	SAME123774	CHB	Han Chinese	EAS	East Asian Ancestry	CHB	1000 Genomes on GRCh38,1000 Genomes 30x on GRCh38,1000 Genomes phase 3 release,1000 Genomes phase 1 release
NA18865	male	SAME124902	YRI	Yoruba	AFR	African Ancestry	YRI	1000 Genomes on GRCh38,1000 Genomes 30x on GRCh38,1000 Genomes phase 3 release
NA18545	female	SAME124266	CHB	Han Chinese	EAS	East Asian Ancestry	CHB	1000 Genomes on GRCh38,1000 Genomes 30x on GRCh38,1000 Genomes phase 3 release,1000 Genomes phase 1 release,90 Han Chinese high coverage genomes
NA18872	male	SAME125099	YRI	Yoruba	AFR	African Ancestry	YRI	1000 Genomes 30x on GRCh38,1000 Genomes phase 3 release
NA18877	male	SAME125104	YRI	Yoruba	AFR	African Ancestry	YRI	1000 Genomes on GRCh38,1000 Genomes 30x on GRCh38,1000 Genomes phase 3 release
NA18487	male	SAME124098	YRI	Yoruba	AFR	African Ancestry	YRI	1000 Genomes on GRCh38,1000 Genomes 30x on GRCh38,1000 Genomes phase 3 release,1000 Genomes phase 1 release,Geuvadis
NA18909	female	SAME123561	YRI	Yoruba	AFR	African Ancestry	YRI	1000 Genomes on GRCh38,1000 Genomes 30x on GRCh38,1000 Genomes phase 3 release,1000 Genomes phase 1 release,Geuvadis
NA18499	female	SAME124059	YRI	Yoruba	AFR	African Ancestry	YRI	1000 Genomes on GRCh38,1000 Genomes 30x on GRCh38,1000 Genomes phase 3 release,1000 Genomes phase 1 release,Geuvadis
NA18911	male	SAME123401	YRI	Yoruba	AFR	African Ancestry	YRI	1000 Genomes 30x on GRCh38,1000 Genomes phase 3 release
NA18502	female	SAME125055	YRI	Yoruba	AFR	African Ancestry	YRI	1000 Genomes on GRCh38,1000 Genomes 30x on GRCh38,1000 Genomes phase 3 release,1000 Genomes phase 1 release,Geuvadis
NA18916	female	SAME123408	YRI	Yoruba	AFR	African Ancestry	YRI	1000 Genomes on GRCh38,1000 Genomes 30x on GRCh38,1000 Genomes phase 3 release,1000 Genomes phase 1 release,Geuvadis
NA18507	male	SAME125060	YRI	Yoruba	AFR	African Ancestry	YRI	1000 Genomes on GRCh38,1000 Genomes 30x on GRCh38,1000 Genomes phase 3 release,1000 Genomes phase 1 release
NA18923	male	SAME123205	YRI	Yoruba	AFR	African Ancestry	YRI	1000 Genomes on GRCh38,1000 Genomes 30x on GRCh38,1000 Genomes phase 3 release,1000 Genomes phase 1 release,Geuvadis
NA18930	female	SAME123040	YRI	Yoruba	AFR	African Ancestry	YRI	1000 Genomes 30x on GRCh38,1000 Genomes phase 3 release
NA18935	male	SAME123035	YRI	Yoruba	AFR	African Ancestry	YRI	1000 Genomes 30x on GRCh38,1000 Genomes phase 3 release
NA18942	female	SAME124308	JPT	Japanese	EAS	East Asian Ancestry	JPT	1000 Genomes on GRCh38,1000 Genomes 30x on GRCh38,1000 Genomes phase 3 release,1000 Genomes phase 1 release
NA18947	female	SAME124313	JPT	Japanese	EAS	East Asian Ancestry	JPT	1000 Genomes on GRCh38,1000 Genomes 30x on GRCh38,1000 Genomes phase 3 release,1000 Genomes phase 1 release
NA18954	female	SAME124108	JPT	Japanese	EAS	East Asian Ancestry	JPT	1000 Genomes on GRCh38,1000 Genomes 30x on GRCh38,1000 Genomes phase 3 release,1000 Genomes phase 1 release
NA18959	male	SAME124115	JPT	Japanese	EAS	East Asian Ancestry	JPT	1000 Genomes on GRCh38,1000 Genomes 30x on GRCh38,1000 Genomes phase 3 release,1000 Genomes phase 1 release
NA18961	male	SAME123957	JPT	Japanese	EAS	East Asian Ancestry	JPT	1000 Genomes on GRCh38,1000 Genomes 30x on GRCh38,1000 Genomes phase 3 release,1000 Genomes phase 1 release
NA18548	male	SAME124261	CHB	Han Chinese	EAS	East Asian Ancestry	CHB	1000 Genomes on GRCh38,1000 Genomes 30x on GRCh38,1000 Genomes phase 3 release,1000 Genomes phase 1 release
NA18550	female	SAME124087	CHB	Han Chinese	EAS	East Asian Ancestry	CHB	1000 Genomes on GRCh38,1000 Genomes 30x on GRCh38,1000 Genomes phase 3 release,1000 Genomes phase 1 release,90 Han Chinese high coverage genomes
NA18555	female	SAME124090	CHB	Han Chinese	EAS	East Asian Ancestry	CHB	1000 Genomes on GRCh38,1000 Genomes 30x on GRCh38,1000 Genomes phase 3 release,1000 Genomes phase 1 release,90 Han Chinese high coverage genomes
NA18562	male	SAME123927	CHB	Han Chinese	EAS	East Asian Ancestry	CHB	1000 Genomes on GRCh38,1000 Genomes 30x on GRCh38,1000 Genomes phase 3 release,1000 Genomes phase 1 release,90 Han Chinese high coverage genomes
NA18567	female	SAME123924	CHB	Han Chinese	EAS	East Asian Ancestry	CHB	1000 Genomes on GRCh38,1000 Genomes 30x on GRCh38,1000 Genomes phase 3 release,1000 Genomes phase 1 release
NA18574	female	SAME123737	CHB	Han Chinese	EAS	East Asian Ancestry	CHB	1000 Genomes on GRCh38,1000 Genomes 30x on GRCh38,1000 Genomes phase 3 release,1000 Genomes phase 1 release
NA18579	female	SAME123742	CHB	Han Chinese	EAS	East Asian Ancestry	CHB	1000 Genomes on GRCh38,1000 Genomes 30x on GRCh38,1000 Genomes phase 3 release,1000 Genomes phase 1 release,90 Han Chinese high coverage genomes
NA18593	female	SAME123720	CHB	Han Chinese	EAS	East Asian Ancestry	CHB	1000 Genomes on GRCh38,1000 Genomes 30x on GRCh38,1000 Genomes phase 3 release,1000 Genomes phase 1 release,90 Han Chinese high coverage genomes
NA18517	female	SAME124883	YRI	Yoruba	AFR	African Ancestry	YRI	1000 Genomes on GRCh38,1000 Genomes 30x on GRCh38,1000 Genomes phase 3 release,1000 Genomes phase 1 release,Geuvadis
NA18531	female	SAME124483	CHB	Han Chinese	EAS	East Asian Ancestry	CHB	1000 Genomes on GRCh38,1000 Genomes 30x on GRCh38,1000 Genomes phase 3 release,1000 Genomes phase 1 release
NA18536	male	SAME124486	CHB	Han Chinese	EAS	East Asian Ancestry	CHB	1000 Genomes on GRCh38,1000 Genomes 30x on GRCh38,1000 Genomes phase 3 release,1000 Genomes phase 1 release
NA18543	male	SAME124268	CHB	Han Chinese	EAS	East Asian Ancestry	CHB	1000 Genomes on GRCh38,1000 Genomes 30x on GRCh38,1000 Genomes phase 3 release,1000 Genomes phase 1 release
NA19003	female	SAME124480	JPT	Japanese	EAS	East Asian Ancestry	JPT	1000 Genomes on GRCh38,1000 Genomes 30x on GRCh38,1000 Genomes phase 3 release,1000 Genomes phase 1 release
NA19010	female	SAME123989	JPT	Japanese	EAS	East Asian Ancestry	JPT	1000 Genomes on GRCh38,1000 Genomes 30x on GRCh38,1000 Genomes phase 3 release,1000 Genomes phase 1 release
NA18606	male	SAME124879	CHB	Han Chinese	EAS	East Asian Ancestry	CHB	1000 Genomes on GRCh38,1000 Genomes 30x on GRCh38,1000 Genomes phase 3 release,1000 Genomes phase 1 release
NA18613	male	SAME125037	CHB	Han Chinese	EAS	East Asian Ancestry	CHB	1000 Genomes on GRCh38,1000 Genomes 30x on GRCh38,1000 Genomes phase 3 release,1000 Genomes phase 1 release
NA18618	female	SAME125042	CHB	Han Chinese	EAS	East Asian Ancestry	CHB	1000 Genomes on GRCh38,1000 Genomes 30x on GRCh38,1000 Genomes phase 3 release,1000 Genomes phase 1 release
NA18620	male	SAME124510	CHB	Han Chinese	EAS	East Asian Ancestry	CHB	1000 Genomes on GRCh38,1000 Genomes 30x on GRCh38,1000 Genomes phase 3 release,1000 Genomes phase 1 release,90 Han Chinese high coverage genomes
NA18625	female	SAME125253	CHB	Han Chinese	EAS	East Asian Ancestry	CHB	1000 Genomes on GRCh38,1000 Genomes 30x on GRCh38,1000 Genomes phase 3 release,1000 Genomes phase 1 release
NA18632	male	SAME124703	CHB	Han Chinese	EAS	East Asian Ancestry	CHB	1000 Genomes on GRCh38,1000 Genomes 30x on GRCh38,1000 Genomes phase 3 release,1000 Genomes phase 1 release,90 Han Chinese high coverage genomes
NA19005	male	SAME124474	JPT	Japanese	EAS	East Asian Ancestry	JPT	1000 Genomes on GRCh38,1000 Genomes 30x on GRCh38,1000 Genomes phase 3 release,1000 Genomes phase 1 release
NA19058	male	SAME125024	JPT	Japanese	EAS	East Asian Ancestry	JPT	1000 Genomes on GRCh38,1000 Genomes 30x on GRCh38,1000 Genomes phase 3 release,1000 Genomes phase 1 release
NA19012	male	SAME124260	JPT	Japanese	EAS	East Asian Ancestry	JPT	1000 Genomes on GRCh38,1000 Genomes 30x on GRCh38,1000 Genomes phase 3 release,1000 Genomes phase 1 release
NA19060	male	SAME123007	JPT	Japanese	EAS	East Asian Ancestry	JPT	1000 Genomes on GRCh38,1000 Genomes 30x on GRCh38,1000 Genomes phase 3 release,1000 Genomes phase 1 release
NA19065	female	SAME123011	JPT	Japanese	EAS	East Asian Ancestry	JPT	1000 Genomes on GRCh38,1000 Genomes 30x on GRCh38,1000 Genomes phase 3 release,1000 Genomes phase 1 release
NA19072	male	SAME122822	JPT	Japanese	EAS	East Asian Ancestry	JPT	1000 Genomes on GRCh38,1000 Genomes 30x on GRCh38,1000 Genomes phase 3 release,1000 Genomes phase 1 release
NA19077	female	SAME122818	JPT	Japanese	EAS	East Asian Ancestry	JPT	1000 Genomes on GRCh38,1000 Genomes 30x on GRCh38,1000 Genomes phase 3 release,1000 Genomes phase 1 release
NA19084	female	SAME123364	JPT	Japanese	EAS	East Asian Ancestry	JPT	1000 Genomes on GRCh38,1000 Genomes 30x on GRCh38,1000 Genomes phase 3 release,1000 Genomes phase 1 release
NA19089	male	SAME123649	JPT	Japanese	EAS	East Asian Ancestry	JPT	1000 Genomes on GRCh38,1000 Genomes 30x on GRCh38,1000 Genomes phase 3 release
NA19055	male	SAME125027	JPT	Japanese	EAS	East Asian Ancestry	JPT	1000 Genomes on GRCh38,1000 Genomes 30x on GRCh38,1000 Genomes phase 3 release,1000 Genomes phase 1 release
NA19091	male	SAME123174	JPT	Japanese	EAS	East Asian Ancestry	JPT	1000 Genomes on GRCh38,1000 Genomes 30x on GRCh38,1000 Genomes phase 3 release
NA18862	male	SAME125118	YRI	Yoruba	AFR	African Ancestry	YRI	1000 Genomes 30x on GRCh38,1000 Genomes phase 3 release
NA18966	male	SAME123962	JPT	Japanese	EAS	East Asian Ancestry	JPT	1000 Genomes on GRCh38,1000 Genomes 30x on GRCh38,1000 Genomes phase 3 release,1000 Genomes phase 1 release
NA18867	female	SAME124904	YRI	Yoruba	AFR	African Ancestry	YRI	1000 Genomes on GRCh38,1000 Genomes 30x on GRCh38,1000 Genomes phase 3 release,1000 Genomes phase 1 release,Geuvadis
NA18973	female	SAME123761	JPT	Japanese	EAS	East Asian Ancestry	JPT	1000 Genomes on GRCh38,1000 Genomes 30x on GRCh38,1000 Genomes phase 3 release,1000 Genomes phase 1 release
NA18874	male	SAME125105	YRI	Yoruba	AFR	African Ancestry	YRI	1000 Genomes on GRCh38,1000 Genomes 30x on GRCh38,1000 Genomes phase 3 release,1000 Genomes phase 1 release
NA18978	female	SAME123760	JPT	Japanese	EAS	East Asian Ancestry	JPT	1000 Genomes on GRCh38,1000 Genomes 30x on GRCh38,1000 Genomes phase 3 release,1000 Genomes phase 1 release
NA18879	male	SAME125108	YRI	Yoruba	AFR	African Ancestry	YRI	1000 Genomes on GRCh38,1000 Genomes 30x on GRCh38,1000 Genomes phase 3 release
NA18980	female	SAME123527	JPT	Japanese	EAS	East Asian Ancestry	JPT	1000 Genomes on GRCh38,1000 Genomes 30x on GRCh38,1000 Genomes phase 3 release,1000 Genomes phase 1 release
NA18881	female	SAME125308	YRI	Yoruba	AFR	African Ancestry	YRI	1000 Genomes on GRCh38,1000 Genomes 30x on GRCh38,1000 Genomes phase 3 release
NA18985	male	SAME123413	JPT	Japanese	EAS	East Asian Ancestry	JPT	1000 Genomes on GRCh38,1000 Genomes 30x on GRCh38,1000 Genomes phase 3 release,1000 Genomes phase 1 release
NA18906	female	SAME123562	YRI	Yoruba	AFR	African Ancestry	YRI	1000 Genomes 30x on GRCh38,1000 Genomes phase 3 release
NA18992	female	SAME124983	JPT	Japanese	EAS	East Asian Ancestry	JPT	1000 Genomes on GRCh38,1000 Genomes 30x on GRCh38,1000 Genomes phase 3 release,1000 Genomes phase 1 release
NA18913	male	SAME123403	YRI	Yoruba	AFR	African Ancestry	YRI	1000 Genomes 30x on GRCh38,1000 Genomes phase 3 release
NA18997	female	SAME124898	JPT	Japanese	EAS	East Asian Ancestry	JPT	1000 Genomes on GRCh38,1000 Genomes 30x on GRCh38,1000 Genomes phase 3 release,1000 Genomes phase 1 release
NA18925	male	SAME123203	YRI	Yoruba	AFR	African Ancestry	YRI	1000 Genomes 30x on GRCh38,1000 Genomes phase 3 release
NA19093	female	SAME123172	YRI	Yoruba	AFR	African Ancestry	YRI	1000 Genomes on GRCh38,1000 Genomes 30x on GRCh38,1000 Genomes phase 3 release,1000 Genomes phase 1 release,Geuvadis
NA19098	male	SAME123633	YRI	Yoruba	AFR	African Ancestry	YRI	1000 Genomes on GRCh38,1000 Genomes 30x on GRCh38,1000 Genomes phase 3 release,1000 Genomes phase 1 release,Geuvadis
NA19101	male	SAME123955	YRI	Yoruba	AFR	African Ancestry	YRI	1000 Genomes 30x on GRCh38,1000 Genomes phase 3 release
NA19113	male	SAME123838	YRI	Yoruba	AFR	African Ancestry	YRI	1000 Genomes on GRCh38,1000 Genomes 30x on GRCh38,1000 Genomes phase 3 release,1000 Genomes phase 1 release,Geuvadis
NA19118	female	SAME122943	YRI	Yoruba	AFR	African Ancestry	YRI	1000 Genomes on GRCh38,1000 Genomes 30x on GRCh38,1000 Genomes phase 3 release,1000 Genomes phase 1 release,Geuvadis
NA19120	male	SAME125016	YRI	Yoruba	AFR	African Ancestry	YRI	1000 Genomes 30x on GRCh38,1000 Genomes phase 3 release
NA18603	male	SAME124875	CHB	Han Chinese	EAS	East Asian Ancestry	CHB	1000 Genomes on GRCh38,1000 Genomes 30x on GRCh38,1000 Genomes phase 3 release,1000 Genomes phase 1 release,90 Han Chinese high coverage genomes
NA19142	male	SAME124610	YRI	Yoruba	AFR	African Ancestry	YRI	1000 Genomes 30x on GRCh38,1000 Genomes phase 3 release
NA18608	male	SAME124779	CHB	Han Chinese	EAS	East Asian Ancestry	CHB	1000 Genomes on GRCh38,1000 Genomes 30x on GRCh38,1000 Genomes phase 3 release,1000 Genomes phase 1 release,90 Han Chinese high coverage genomes
NA19147	female	SAME124613	YRI	Yoruba	AFR	African Ancestry	YRI	1000 Genomes on GRCh38,1000 Genomes 30x on GRCh38,1000 Genomes phase 3 release,1000 Genomes phase 1 release,Geuvadis
NA18610	female	SAME123222	CHB	Han Chinese	EAS	East Asian Ancestry	CHB	1000 Genomes on GRCh38,1000 Genomes 30x on GRCh38,1000 Genomes phase 3 release,1000 Genomes phase 1 release
NA19154	male	SAME124835	YRI	Yoruba	AFR	African Ancestry	YRI	1000 Genomes 30x on GRCh38,1000 Genomes phase 3 release
NA18615	female	SAME123653	CHB	Han Chinese	EAS	East Asian Ancestry	CHB	1000 Genomes on GRCh38,1000 Genomes 30x on GRCh38,1000 Genomes phase 3 release,1000 Genomes phase 1 release
NA19159	female	SAME124716	YRI	Yoruba	AFR	African Ancestry	YRI	1000 Genomes on GRCh38,1000 Genomes 30x on GRCh38,1000 Genomes phase 3 release,1000 Genomes phase 1 release,Geuvadis
NA18622	male	SAME125260	CHB	Han Chinese	EAS	East Asian Ancestry	CHB	1000 Genomes on GRCh38,1000 Genomes 30x on GRCh38,1000 Genomes phase 3 release,1000 Genomes phase 1 release,90 Han Chinese high coverage genomes
NA19161	male	SAME123757	YRI	Yoruba	AFR	African Ancestry	YRI	1000 Genomes 30x on GRCh38,1000 Genomes phase 3 release
NA18627	female	SAME124106	CHB	Han Chinese	EAS	East Asian Ancestry	CHB	1000 Genomes on GRCh38,1000 Genomes 30x on GRCh38,1000 Genomes phase 3 release,1000 Genomes phase 1 release
NA19166	female	SAME124211	YRI	Yoruba	AFR	African Ancestry	YRI	1000 Genomes phase 3 release
NA18634	female	SAME124697	CHB	Han Chinese	EAS	East Asian Ancestry	CHB	1000 Genomes on GRCh38,1000 Genomes 30x on GRCh38,1000 Genomes phase 3 release,1000 Genomes phase 1 release
NA19173	male	SAME124421	YRI	Yoruba	AFR	African Ancestry	YRI	1000 Genomes 30x on GRCh38,1000 Genomes phase 3 release
NA18639	male	SAME124694	CHB	Han Chinese	EAS	East Asian Ancestry	CHB	1000 Genomes on GRCh38,1000 Genomes 30x on GRCh38,1000 Genomes phase 3 release,1000 Genomes phase 1 release
NA19096	male	SAME123662	YRI	Yoruba	AFR	African Ancestry	YRI	1000 Genomes on GRCh38,1000 Genomes 30x on GRCh38,1000 Genomes phase 3 release,1000 Genomes phase 1 release,Geuvadis
NA18641	female	SAME122979	CHB	Han Chinese	EAS	East Asian Ancestry	CHB	1000 Genomes on GRCh38,1000 Genomes 30x on GRCh38,1000 Genomes phase 3 release,1000 Genomes phase 1 release
NA19104	male	SAME124804	YRI	Yoruba	AFR	African Ancestry	YRI	1000 Genomes phase 3 release
NA18646	female	SAME122978	CHB	Han Chinese	EAS	East Asian Ancestry	CHB	1000 Genomes on GRCh38,1000 Genomes 30x on GRCh38,1000 Genomes phase 3 release
NA19109	female	SAME124544	YRI	Yoruba	AFR	African Ancestry	YRI	1000 Genomes 30x on GRCh38,1000 Genomes phase 3 release
NA18747	male	SAME123916	CHB	Han Chinese	EAS	East Asian Ancestry	CHB	1000 Genomes on GRCh38,1000 Genomes 30x on GRCh38,1000 Genomes phase 3 release,1000 Genomes phase 1 release
NA19116	female	SAME124911	YRI	Yoruba	AFR	African Ancestry	YRI	1000 Genomes on GRCh38,1000 Genomes 30x on GRCh38,1000 Genomes phase 3 release,1000 Genomes phase 1 release,Geuvadis
NA18855	female	SAME124735	YRI	Yoruba	AFR	African Ancestry	YRI	1000 Genomes 30x on GRCh38,1000 Genomes phase 3 release
NA19123	male	SAME125013	YRI	Yoruba	AFR	African Ancestry	YRI	1000 Genomes 30x on GRCh38,1000 Genomes phase 3 release
NA18552	female	SAME124089	CHB	Han Chinese	EAS	East Asian Ancestry	CHB	1000 Genomes on GRCh38,1000 Genomes 30x on GRCh38,1000 Genomes phase 3 release,1000 Genomes phase 1 release,90 Han Chinese high coverage genomes
NA19128	male	SAME125022	YRI	Yoruba	AFR	African Ancestry	YRI	1000 Genomes 30x on GRCh38,1000 Genomes phase 3 release
NA18557	male	SAME124092	CHB	Han Chinese	EAS	East Asian Ancestry	CHB	1000 Genomes on GRCh38,1000 Genomes 30x on GRCh38,1000 Genomes phase 3 release,1000 Genomes phase 1 release
NA19130	male	SAME125229	YRI	Yoruba	AFR	African Ancestry	YRI	1000 Genomes on GRCh38,1000 Genomes 30x on GRCh38,1000 Genomes phase 3 release,1000 Genomes phase 1 release,Geuvadis
NA18564	female	SAME123921	CHB	Han Chinese	EAS	East Asian Ancestry	CHB	1000 Genomes on GRCh38,1000 Genomes 30x on GRCh38,1000 Genomes phase 3 release,1000 Genomes phase 1 release,90 Han Chinese high coverage genomes
NA18571	female	SAME123740	CHB	Han Chinese	EAS	East Asian Ancestry	CHB	1000 Genomes on GRCh38,1000 Genomes 30x on GRCh38,1000 Genomes phase 3 release,1000 Genomes phase 1 release,90 Han Chinese high coverage genomes
NA18576	female	SAME123735	CHB	Han Chinese	EAS	East Asian Ancestry	CHB	1000 Genomes on GRCh38,1000 Genomes phase 3 release,1000 Genomes phase 1 release,90 Han Chinese high coverage genomes
NA18595	female	SAME123228	CHB	Han Chinese	EAS	East Asian Ancestry	CHB	1000 Genomes on GRCh38,1000 Genomes 30x on GRCh38,1000 Genomes phase 3 release,1000 Genomes phase 1 release
NA18968	female	SAME123953	JPT	Japanese	EAS	East Asian Ancestry	JPT	1000 Genomes on GRCh38,1000 Genomes 30x on GRCh38,1000 Genomes phase 3 release,1000 Genomes phase 1 release
NA18970	male	SAME123764	JPT	Japanese	EAS	East Asian Ancestry	JPT	1000 Genomes on GRCh38,1000 Genomes 30x on GRCh38,1000 Genomes phase 3 release,1000 Genomes phase 1 release
NA19236	male	SAME125001	YRI	Yoruba	AFR	African Ancestry	YRI	1000 Genomes on GRCh38,1000 Genomes 30x on GRCh38,1000 Genomes phase 3 release,1000 Genomes phase 1 release,Geuvadis
NA18975	female	SAME123767	JPT	Japanese	EAS	East Asian Ancestry	JPT	1000 Genomes on GRCh38,1000 Genomes 30x on GRCh38,1000 Genomes phase 3 release,1000 Genomes phase 1 release
NA19248	male	SAME123681	YRI	Yoruba	AFR	African Ancestry	YRI	1000 Genomes on GRCh38,1000 Genomes 30x on GRCh38,1000 Genomes phase 3 release,1000 Genomes phase 1 release,Geuvadis
NA18982	male	SAME125073	JPT	Japanese	EAS	East Asian Ancestry	JPT	1000 Genomes on GRCh38,1000 Genomes 30x on GRCh38,1000 Genomes phase 3 release,1000 Genomes phase 1 release
NA18987	female	SAME125070	JPT	Japanese	EAS	East Asian Ancestry	JPT	1000 Genomes on GRCh38,1000 Genomes 30x on GRCh38,1000 Genomes phase 3 release,1000 Genomes phase 1 release
NA18994	male	SAME124897	JPT	Japanese	EAS	East Asian Ancestry	JPT	1000 Genomes on GRCh38,1000 Genomes 30x on GRCh38,1000 Genomes phase 3 release,1000 Genomes phase 1 release
NA18999	female	SAME124890	JPT	Japanese	EAS	East Asian Ancestry	JPT	1000 Genomes on GRCh38,1000 Genomes 30x on GRCh38,1000 Genomes phase 3 release,1000 Genomes phase 1 release
NA19185	female	SAME123858	YRI	Yoruba	AFR	African Ancestry	YRI	1000 Genomes on GRCh38,1000 Genomes 30x on GRCh38,1000 Genomes phase 3 release,1000 Genomes phase 1 release,Geuvadis
NA19000	male	SAME124477	JPT	Japanese	EAS	East Asian Ancestry	JPT	1000 Genomes on GRCh38,1000 Genomes 30x on GRCh38,1000 Genomes phase 3 release,1000 Genomes phase 1 release
NA19197	female	SAME125309	YRI	Yoruba	AFR	African Ancestry	YRI	1000 Genomes on GRCh38,1000 Genomes 30x on GRCh38,1000 Genomes phase 3 release,1000 Genomes phase 1 release,Geuvadis
NA19062	male	SAME123005	JPT	Japanese	EAS	East Asian Ancestry	JPT	1000 Genomes on GRCh38,1000 Genomes 30x on GRCh38,1000 Genomes phase 3 release,1000 Genomes phase 1 release
NA19200	male	SAME122989	YRI	Yoruba	AFR	African Ancestry	YRI	1000 Genomes on GRCh38,1000 Genomes 30x on GRCh38,1000 Genomes phase 3 release,1000 Genomes phase 1 release,Geuvadis
NA19067	male	SAME123835	JPT	Japanese	EAS	East Asian Ancestry	JPT	1000 Genomes on GRCh38,1000 Genomes 30x on GRCh38,1000 Genomes phase 3 release,1000 Genomes phase 1 release
NA19205	male	SAME122986	YRI	Yoruba	AFR	African Ancestry	YRI	1000 Genomes 30x on GRCh38,1000 Genomes phase 3 release
NA19074	female	SAME122817	JPT	Japanese	EAS	East Asian Ancestry	JPT	1000 Genomes on GRCh38,1000 Genomes 30x on GRCh38,1000 Genomes phase 3 release,1000 Genomes phase 1 release
NA19224	male	SAME125217	YRI	Yoruba	AFR	African Ancestry	YRI	1000 Genomes 30x on GRCh38,1000 Genomes phase 3 release
NA19079	male	SAME122823	JPT	Japanese	EAS	East Asian Ancestry	JPT	1000 Genomes on GRCh38,1000 Genomes 30x on GRCh38,1000 Genomes phase 3 release,1000 Genomes phase 1 release
NA19081	female	SAME123369	JPT	Japanese	EAS	East Asian Ancestry	JPT	1000 Genomes on GRCh38,1000 Genomes 30x on GRCh38,1000 Genomes phase 3 release,1000 Genomes phase 1 release
NA19086	male	SAME123366	JPT	Japanese	EAS	East Asian Ancestry	JPT	1000 Genomes on GRCh38,1000 Genomes 30x on GRCh38,1000 Genomes phase 3 release,1000 Genomes phase 1 release
NA18944	male	SAME124314	JPT	Japanese	EAS	East Asian Ancestry	JPT	1000 Genomes on GRCh38,1000 Genomes 30x on GRCh38,1000 Genomes phase 3 release,1000 Genomes phase 1 release
NA18949	female	SAME124317	JPT	Japanese	EAS	East Asian Ancestry	JPT	1000 Genomes on GRCh38,1000 Genomes 30x on GRCh38,1000 Genomes phase 3 release,1000 Genomes phase 1 release
NA18951	female	SAME124111	JPT	Japanese	EAS	East Asian Ancestry	JPT	1000 Genomes on GRCh38,1000 Genomes 30x on GRCh38,1000 Genomes phase 3 release,1000 Genomes phase 1 release
NA18956	female	SAME124110	JPT	Japanese	EAS	East Asian Ancestry	JPT	1000 Genomes on GRCh38,1000 Genomes 30x on GRCh38,1000 Genomes phase 3 release,1000 Genomes phase 1 release
NA18963	female	SAME123959	JPT	Japanese	EAS	East Asian Ancestry	JPT	1000 Genomes on GRCh38,1000 Genomes 30x on GRCh38,1000 Genomes phase 3 release,1000 Genomes phase 1 release
NA19238	female	SAME124999	YRI	Yoruba	AFR	African Ancestry	YRI	1000 Genomes on GRCh38,1000 Genomes 30x on GRCh38,Human Genome Structural Variation Consortium, Phase 2,The Human Genome Structural Variation Consortium,1000 Genomes phase 3 release,1000 Genomes phase 1 release
NA19240	female	SAME123688	YRI	Yoruba	AFR	African Ancestry	YRI	1000 Genomes on GRCh38,1000 Genomes 30x on GRCh38,Human Genome Structural Variation Consortium, Phase 2,The Human Genome Structural Variation Consortium,1000 Genomes phase 3 release,1000 Genomes phase 1 release
NA19252	male	SAME123500	YRI	Yoruba	AFR	African Ancestry	YRI	1000 Genomes phase 3 release
NA19257	female	SAME123495	YRI	Yoruba	AFR	African Ancestry	YRI	1000 Genomes on GRCh38,1000 Genomes 30x on GRCh38,1000 Genomes phase 3 release,1000 Genomes phase 1 release,Geuvadis
NA19132	female	SAME125231	YRI	Yoruba	AFR	African Ancestry	YRI	1000 Genomes 30x on GRCh38,1000 Genomes phase 3 release
NA19137	female	SAME125235	YRI	Yoruba	AFR	African Ancestry	YRI	1000 Genomes on GRCh38,1000 Genomes 30x on GRCh38,1000 Genomes phase 3 release,1000 Genomes phase 1 release,Geuvadis
NA19144	male	SAME123373	YRI	Yoruba	AFR	African Ancestry	YRI	1000 Genomes on GRCh38,1000 Genomes 30x on GRCh38,1000 Genomes phase 3 release,1000 Genomes phase 1 release,Geuvadis
NA19149	female	SAME124605	YRI	Yoruba	AFR	African Ancestry	YRI	1000 Genomes on GRCh38,1000 Genomes 30x on GRCh38,1000 Genomes phase 3 release,1000 Genomes phase 1 release,Geuvadis
NA19151	female	SAME124839	YRI	Yoruba	AFR	African Ancestry	YRI	1000 Genomes 30x on GRCh38,1000 Genomes phase 3 release
NA19175	male	SAME124887	YRI	Yoruba	AFR	African Ancestry	YRI	1000 Genomes on GRCh38,1000 Genomes 30x on GRCh38,1000 Genomes phase 3 release,1000 Genomes phase 1 release,Geuvadis
NA19199	female	SAME124050	YRI	Yoruba	AFR	African Ancestry	YRI	1000 Genomes 30x on GRCh38,1000 Genomes phase 3 release
NA19202	female	SAME122987	YRI	Yoruba	AFR	African Ancestry	YRI	1000 Genomes 30x on GRCh38,1000 Genomes phase 3 release
NA19207	male	SAME122984	YRI	Yoruba	AFR	African Ancestry	YRI	1000 Genomes on GRCh38,1000 Genomes 30x on GRCh38,1000 Genomes phase 3 release,1000 Genomes phase 1 release,Geuvadis
NA19214	female	SAME125386	YRI	Yoruba	AFR	African Ancestry	YRI	1000 Genomes on GRCh38,1000 Genomes 30x on GRCh38,1000 Genomes phase 3 release,1000 Genomes phase 1 release,Geuvadis
NA19221	female	SAME125221	YRI	Yoruba	AFR	African Ancestry	YRI	1000 Genomes 30x on GRCh38,1000 Genomes phase 3 release
NA19226	male	SAME125219	YRI	Yoruba	AFR	African Ancestry	YRI	1000 Genomes 30x on GRCh38,1000 Genomes phase 3 release
NA18518	female	SAME124889	YRI	Yoruba	AFR	African Ancestry	YRI	1000 Genomes 30x on GRCh38,1000 Genomes phase 3 release
NA18520	female	SAME123565	YRI	Yoruba	AFR	African Ancestry	YRI	1000 Genomes on GRCh38,1000 Genomes 30x on GRCh38,1000 Genomes phase 3 release,1000 Genomes phase 1 release,Geuvadis
NA18525	female	SAME124672	CHB	Han Chinese	EAS	East Asian Ancestry	CHB	1000 Genomes on GRCh38,1000 Genomes 30x on GRCh38,1000 Genomes phase 3 release,1000 Genomes phase 1 release
NA18532	female	SAME124482	CHB	Han Chinese	EAS	East Asian Ancestry	CHB	1000 Genomes on GRCh38,1000 Genomes 30x on GRCh38,1000 Genomes phase 3 release,1000 Genomes phase 1 release,90 Han Chinese high coverage genomes
NA18537	female	SAME124485	CHB	Han Chinese	EAS	East Asian Ancestry	CHB	1000 Genomes on GRCh38,1000 Genomes 30x on GRCh38,1000 Genomes phase 3 release,1000 Genomes phase 1 release,90 Han Chinese high coverage genomes
NA18544	male	SAME124265	CHB	Han Chinese	EAS	East Asian Ancestry	CHB	1000 Genomes on GRCh38,1000 Genomes 30x on GRCh38,1000 Genomes phase 3 release,1000 Genomes phase 1 release
NA18486	male	SAME124099	YRI	Yoruba	AFR	African Ancestry	YRI	1000 Genomes on GRCh38,1000 Genomes 30x on GRCh38,1000 Genomes phase 3 release,1000 Genomes phase 1 release,Geuvadis
NA18498	male	SAME124058	YRI	Yoruba	AFR	African Ancestry	YRI	1000 Genomes on GRCh38,1000 Genomes 30x on GRCh38,1000 Genomes phase 3 release,1000 Genomes phase 1 release,Geuvadis
NA18501	male	SAME124991	YRI	Yoruba	AFR	African Ancestry	YRI	1000 Genomes on GRCh38,1000 Genomes 30x on GRCh38,1000 Genomes phase 3 release,1000 Genomes phase 1 release
NA18506	male	SAME125059	YRI	Yoruba	AFR	African Ancestry	YRI	1000 Genomes 30x on GRCh38,1000 Genomes phase 3 release
NA19004	male	SAME124473	JPT	Japanese	EAS	East Asian Ancestry	JPT	1000 Genomes on GRCh38,1000 Genomes 30x on GRCh38,1000 Genomes phase 3 release,1000 Genomes phase 1 release
NA19009	male	SAME125133	JPT	Japanese	EAS	East Asian Ancestry	JPT	1000 Genomes on GRCh38,1000 Genomes 30x on GRCh38,1000 Genomes phase 3 release,1000 Genomes phase 1 release
NA19011	female	SAME124512	JPT	Japanese	EAS	East Asian Ancestry	JPT	1000 Genomes on GRCh38,1000 Genomes 30x on GRCh38,1000 Genomes phase 3 release
NA19054	female	SAME125028	JPT	Japanese	EAS	East Asian Ancestry	JPT	1000 Genomes on GRCh38,1000 Genomes 30x on GRCh38,1000 Genomes phase 3 release,1000 Genomes phase 1 release
NA18638	male	SAME124693	CHB	Han Chinese	EAS	East Asian Ancestry	CHB	1000 Genomes on GRCh38,1000 Genomes 30x on GRCh38,1000 Genomes phase 3 release,1000 Genomes phase 1 release
NA18640	female	SAME122980	CHB	Han Chinese	EAS	East Asian Ancestry	CHB	1000 Genomes on GRCh38,1000 Genomes 30x on GRCh38,1000 Genomes phase 3 release,1000 Genomes phase 1 release
NA18645	male	SAME122975	CHB	Han Chinese	EAS	East Asian Ancestry	CHB	1000 Genomes on GRCh38,1000 Genomes 30x on GRCh38,1000 Genomes phase 3 release,1000 Genomes phase 1 release
NA18791	male	SAME124073	CHB	Han Chinese	EAS	East Asian Ancestry	CHB	1000 Genomes on GRCh38,1000 Genomes phase 3 release
NA18854	male	SAME124734	YRI	Yoruba	AFR	African Ancestry	YRI	1000 Genomes 30x on GRCh38,1000 Genomes phase 3 release
NA18859	male	SAME124731	YRI	Yoruba	AFR	African Ancestry	YRI	1000 Genomes 30x on GRCh38,1000 Genomes phase 3 release
NA18861	female	SAME124905	YRI	Yoruba	AFR	African Ancestry	YRI	1000 Genomes on GRCh38,1000 Genomes 30x on GRCh38,1000 Genomes phase 3 release,1000 Genomes phase 1 release,Geuvadis
NA19097	female	SAME123168	YRI	Yoruba	AFR	African Ancestry	YRI	1000 Genomes 30x on GRCh38,1000 Genomes phase 3 release
NA19100	female	SAME125401	YRI	Yoruba	AFR	African Ancestry	YRI	1000 Genomes 30x on GRCh38,1000 Genomes phase 3 release
NA19105	female	SAME125389	YRI	Yoruba	AFR	African Ancestry	YRI	1000 Genomes phase 3 release
NA19117	male	SAME124914	YRI	Yoruba	AFR	African Ancestry	YRI	1000 Genomes on GRCh38,1000 Genomes 30x on GRCh38,1000 Genomes phase 3 release,1000 Genomes phase 1 release,Geuvadis
NA19129	female	SAME125021	YRI	Yoruba	AFR	African Ancestry	YRI	1000 Genomes on GRCh38,1000 Genomes 30x on GRCh38,1000 Genomes phase 3 release,1000 Genomes phase 1 release,Geuvadis
NA19131	female	SAME125230	YRI	Yoruba	AFR	African Ancestry	YRI	1000 Genomes on GRCh38,1000 Genomes 30x on GRCh38,1000 Genomes phase 3 release,1000 Genomes phase 1 release,Geuvadis
NA19059	female	SAME125023	JPT	Japanese	EAS	East Asian Ancestry	JPT	1000 Genomes on GRCh38,1000 Genomes 30x on GRCh38,1000 Genomes phase 3 release,1000 Genomes phase 1 release
NA19066	male	SAME123008	JPT	Japanese	EAS	East Asian Ancestry	JPT	1000 Genomes on GRCh38,1000 Genomes 30x on GRCh38,1000 Genomes phase 3 release,1000 Genomes phase 1 release
NA19078	female	SAME122824	JPT	Japanese	EAS	East Asian Ancestry	JPT	1000 Genomes on GRCh38,1000 Genomes 30x on GRCh38,1000 Genomes phase 3 release,1000 Genomes phase 1 release
NA19080	female	SAME125313	JPT	Japanese	EAS	East Asian Ancestry	JPT	1000 Genomes on GRCh38,1000 Genomes 30x on GRCh38,1000 Genomes phase 3 release,1000 Genomes phase 1 release
NA19085	male	SAME123365	JPT	Japanese	EAS	East Asian Ancestry	JPT	1000 Genomes on GRCh38,1000 Genomes 30x on GRCh38,1000 Genomes phase 3 release,1000 Genomes phase 1 release
NA19092	male	SAME123173	YRI	Yoruba	AFR	African Ancestry	YRI	1000 Genomes on GRCh38,1000 Genomes 30x on GRCh38,1000 Genomes phase 3 release,1000 Genomes phase 1 release,Geuvadis
NA18599	female	SAME123713	CHB	Han Chinese	EAS	East Asian Ancestry	CHB	1000 Genomes on GRCh38,1000 Genomes 30x on GRCh38,1000 Genomes phase 3 release,1000 Genomes phase 1 release
NA18602	female	SAME124876	CHB	Han Chinese	EAS	East Asian Ancestry	CHB	1000 Genomes on GRCh38,1000 Genomes 30x on GRCh38,1000 Genomes phase 3 release,1000 Genomes phase 1 release
NA18614	female	SAME125034	CHB	Han Chinese	EAS	East Asian Ancestry	CHB	1000 Genomes on GRCh38,1000 Genomes 30x on GRCh38,1000 Genomes phase 3 release,1000 Genomes phase 1 release
NA18619	female	SAME125043	CHB	Han Chinese	EAS	East Asian Ancestry	CHB	1000 Genomes on GRCh38,1000 Genomes 30x on GRCh38,1000 Genomes phase 3 release,1000 Genomes phase 1 release
NA18621	male	SAME124509	CHB	Han Chinese	EAS	East Asian Ancestry	CHB	1000 Genomes on GRCh38,1000 Genomes 30x on GRCh38,1000 Genomes phase 3 release,1000 Genomes phase 1 release,90 Han Chinese high coverage genomes
NA18626	female	SAME125250	CHB	Han Chinese	EAS	East Asian Ancestry	CHB	1000 Genomes on GRCh38,1000 Genomes 30x on GRCh38,1000 Genomes phase 3 release,1000 Genomes phase 1 release
NA18633	male	SAME124704	CHB	Han Chinese	EAS	East Asian Ancestry	CHB	1000 Genomes on GRCh38,1000 Genomes 30x on GRCh38,1000 Genomes phase 3 release,1000 Genomes phase 1 release,90 Han Chinese high coverage genomes
NA18873	female	SAME123536	YRI	Yoruba	AFR	African Ancestry	YRI	1000 Genomes on GRCh38,1000 Genomes 30x on GRCh38,1000 Genomes phase 3 release,1000 Genomes phase 1 release,Geuvadis
NA18878	female	SAME125107	YRI	Yoruba	AFR	African Ancestry	YRI	1000 Genomes on GRCh38,1000 Genomes 30x on GRCh38,1000 Genomes phase 3 release
NA18912	female	SAME123404	YRI	Yoruba	AFR	African Ancestry	YRI	1000 Genomes on GRCh38,1000 Genomes 30x on GRCh38,1000 Genomes phase 3 release,1000 Genomes phase 1 release,Geuvadis
NA18917	male	SAME123407	YRI	Yoruba	AFR	African Ancestry	YRI	1000 Genomes on GRCh38,1000 Genomes 30x on GRCh38,1000 Genomes phase 3 release,1000 Genomes phase 1 release,Geuvadis
NA18924	female	SAME123202	YRI	Yoruba	AFR	African Ancestry	YRI	1000 Genomes on GRCh38,1000 Genomes 30x on GRCh38,1000 Genomes phase 3 release,1000 Genomes phase 1 release
NA18967	male	SAME123963	JPT	Japanese	EAS	East Asian Ancestry	JPT	1000 Genomes on GRCh38,1000 Genomes 30x on GRCh38,1000 Genomes phase 3 release,1000 Genomes phase 1 release
NA18974	male	SAME123768	JPT	Japanese	EAS	East Asian Ancestry	JPT	1000 Genomes on GRCh38,1000 Genomes 30x on GRCh38,1000 Genomes phase 3 release,1000 Genomes phase 1 release
NA18979	female	SAME123759	JPT	Japanese	EAS	East Asian Ancestry	JPT	1000 Genomes on GRCh38,1000 Genomes 30x on GRCh38,1000 Genomes phase 3 release,1000 Genomes phase 1 release
NA18981	female	SAME123426	JPT	Japanese	EAS	East Asian Ancestry	JPT	1000 Genomes on GRCh38,1000 Genomes 30x on GRCh38,1000 Genomes phase 3 release,1000 Genomes phase 1 release
NA18986	male	SAME125069	JPT	Japanese	EAS	East Asian Ancestry	JPT	1000 Genomes on GRCh38,1000 Genomes 30x on GRCh38,1000 Genomes phase 3 release,1000 Genomes phase 1 release
NA18993	female	SAME124894	JPT	Japanese	EAS	East Asian Ancestry	JPT	1000 Genomes on GRCh38,1000 Genomes 30x on GRCh38,1000 Genomes phase 3 release,1000 Genomes phase 1 release
NA18998	female	SAME124891	JPT	Japanese	EAS	East Asian Ancestry	JPT	1000 Genomes on GRCh38,1000 Genomes 30x on GRCh38,1000 Genomes phase 3 release,1000 Genomes phase 1 release
NA18549	male	SAME124262	CHB	Han Chinese	EAS	East Asian Ancestry	CHB	1000 Genomes on GRCh38,1000 Genomes 30x on GRCh38,1000 Genomes phase 3 release,1000 Genomes phase 1 release
NA18563	male	SAME123928	CHB	Han Chinese	EAS	East Asian Ancestry	CHB	1000 Genomes on GRCh38,1000 Genomes 30x on GRCh38,1000 Genomes phase 3 release,1000 Genomes phase 1 release,90 Han Chinese high coverage genomes
NA18570	female	SAME123741	CHB	Han Chinese	EAS	East Asian Ancestry	CHB	1000 Genomes on GRCh38,1000 Genomes 30x on GRCh38,1000 Genomes phase 3 release,1000 Genomes phase 1 release,90 Han Chinese high coverage genomes
NA18582	female	SAME123905	CHB	Han Chinese	EAS	East Asian Ancestry	CHB	1000 Genomes on GRCh38,1000 Genomes 30x on GRCh38,1000 Genomes phase 3 release,1000 Genomes phase 1 release,90 Han Chinese high coverage genomes
NA18943	male	SAME124309	JPT	Japanese	EAS	East Asian Ancestry	JPT	1000 Genomes on GRCh38,1000 Genomes 30x on GRCh38,1000 Genomes phase 3 release,1000 Genomes phase 1 release
NA18948	male	SAME124316	JPT	Japanese	EAS	East Asian Ancestry	JPT	1000 Genomes on GRCh38,1000 Genomes 30x on GRCh38,1000 Genomes phase 3 release,1000 Genomes phase 1 release
NA18950	female	SAME124112	JPT	Japanese	EAS	East Asian Ancestry	JPT	1000 Genomes on GRCh38,1000 Genomes 30x on GRCh38,1000 Genomes phase 3 release,1000 Genomes phase 1 release
NA18955	male	SAME124107	JPT	Japanese	EAS	East Asian Ancestry	JPT	1000 Genomes on GRCh38,1000 Genomes phase 3 release,1000 Genomes phase 1 release
NA18962	male	SAME123958	JPT	Japanese	EAS	East Asian Ancestry	JPT	1000 Genomes on GRCh38,1000 Genomes 30x on GRCh38,1000 Genomes phase 3 release,1000 Genomes phase 1 release
NA19237	female	SAME125000	YRI	Yoruba	AFR	African Ancestry	YRI	1000 Genomes 30x on GRCh38,1000 Genomes phase 3 release
NA19249	male	SAME123682	YRI	Yoruba	AFR	African Ancestry	YRI	1000 Genomes 30x on GRCh38,1000 Genomes phase 3 release
NA19256	male	SAME124707	YRI	Yoruba	AFR	African Ancestry	YRI	1000 Genomes on GRCh38,1000 Genomes 30x on GRCh38,1000 Genomes phase 3 release,1000 Genomes phase 1 release,Geuvadis
NA19186	male	SAME123861	YRI	Yoruba	AFR	African Ancestry	YRI	1000 Genomes 30x on GRCh38,1000 Genomes phase 3 release
NA19198	male	SAME124049	YRI	Yoruba	AFR	African Ancestry	YRI	1000 Genomes on GRCh38,1000 Genomes 30x on GRCh38,1000 Genomes phase 3 release,1000 Genomes phase 1 release,Geuvadis
NA19201	female	SAME122990	YRI	Yoruba	AFR	African Ancestry	YRI	1000 Genomes on GRCh38,1000 Genomes 30x on GRCh38,1000 Genomes phase 3 release,1000 Genomes phase 1 release,Geuvadis
NA19206	female	SAME122983	YRI	Yoruba	AFR	African Ancestry	YRI	1000 Genomes on GRCh38,1000 Genomes 30x on GRCh38,1000 Genomes phase 3 release,1000 Genomes phase 1 release,Geuvadis
NA19213	male	SAME125384	YRI	Yoruba	AFR	African Ancestry	YRI	1000 Genomes on GRCh38,1000 Genomes 30x on GRCh38,1000 Genomes phase 3 release,1000 Genomes phase 1 release,Geuvadis
NA19225	female	SAME125218	YRI	Yoruba	AFR	African Ancestry	YRI	1000 Genomes on GRCh38,1000 Genomes 30x on GRCh38,1000 Genomes phase 3 release,1000 Genomes phase 1 release,Geuvadis
NA19143	female	SAME124609	YRI	Yoruba	AFR	African Ancestry	YRI	1000 Genomes on GRCh38,1000 Genomes 30x on GRCh38,1000 Genomes phase 3 release,1000 Genomes phase 1 release,Geuvadis
NA19148	female	SAME124606	YRI	Yoruba	AFR	African Ancestry	YRI	1000 Genomes 30x on GRCh38,1000 Genomes phase 3 release
NA19150	male	SAME124838	YRI	Yoruba	AFR	African Ancestry	YRI	1000 Genomes on GRCh38,1000 Genomes 30x on GRCh38,1000 Genomes phase 3 release,1000 Genomes phase 1 release,Geuvadis
NA19174	male	SAME124882	YRI	Yoruba	AFR	African Ancestry	YRI	1000 Genomes 30x on GRCh38,1000 Genomes phase 3 release
