"Mutation (GRCh38)"	"Protein Position"	"Samples"	"Consequence"
"3:179198835:C>T"	"4"	"1"	"stop_gained"
"3:179198839:C>T"	"5"	"1"	"missense_variant"
"3:179198842:C>T"	"6"	"1"	"missense_variant"
"3:179198848:G>A"	"8"	"1"	"missense_variant"
"3:179198851:A>G"	"9"	"2"	"missense_variant"
"3:179198857:G>C"	"11"	"1"	"missense_variant"
"3:179198857:G>T"	"11"	"1"	"missense_variant"
"3:179198863:T>C"	"13"	"1"	"missense_variant"
"3:179198863:T>G"	"13"	"1"	"missense_variant"
"3:179198868:T>G"	"15"	"1"	"missense_variant"
"3:179198904:C>A"	"27"	"2"	"missense_variant"
"3:179198933:C>T"	"36"	"1"	"synonymous_variant"
"3:179198937:C>A"	"38"	"1"	"missense_variant"
"3:179198937:C>T"	"38"	"7"	"missense_variant"
"3:179198938:G>A"	"38"	"9"	"missense_variant"
"3:179198938:G>T"	"38"	"1"	"missense_variant"
"3:179198940:G>A"	"39"	"4"	"missense_variant"
"3:179198941:A>G"	"39"	"1"	"missense_variant"
"3:179198991:T>C"	"56"	"1"	"missense_variant"
"3:179198995:C>T"	"57"	"1"	"missense_variant"
"3:179199012:C>G"	"63"	"1"	"missense_variant"
"3:179199018:G>A"	"65"	"1"	"missense_variant"
"3:179199022:C>G"	"66"	"1"	"missense_variant"
"3:179199023:T>A"	"66"	"1"	"synonymous_variant"
"3:179199031:T>A"	"69"	"2"	"missense_variant"
"3:179199035:C>T"	"70"	"1"	"synonymous_variant"
"3:179199036:G>A"	"71"	"1"	"missense_variant"
"3:179199048:C>G"	"75"	"3"	"missense_variant"
"3:179199049:A>T"	"75"	"1"	"missense_variant"
"3:179199057:G>T"	"78"	"1"	"stop_gained"
"3:179199058:A>G"	"78"	"2"	"missense_variant"
"3:179199063:G>A"	"80"	"1"	"missense_variant"
"3:179199066:G>A"	"81"	"17"	"missense_variant"
"3:179199073:T>C"	"83"	"2"	"missense_variant"
"3:179199075:G>A"	"84"	"1"	"missense_variant"
"3:179199075:G>C"	"84"	"1"	"missense_variant"
"3:179199077:T>C"	"84"	"1"	"synonymous_variant"
"3:179199081:A>T"	"86"	"1"	"missense_variant"
"3:179199085:G>A"	"87"	"1"	"missense_variant"
"3:179199085:G>C"	"87"	"1"	"missense_variant"
"3:179199088:G>A"	"88"	"45"	"missense_variant"
"3:179199093:T>G"	"90"	"2"	"missense_variant"
"3:179199094:G>A"	"90"	"1"	"missense_variant"
"3:179199094:G>C"	"90"	"2"	"missense_variant"
"3:179199102:C>T"	"93"	"10"	"missense_variant"
"3:179199103:G>A"	"93"	"12"	"missense_variant"
"3:179199103:G>C"	"93"	"2"	"missense_variant"
"3:179199104:G>A"	"93"	"1"	"synonymous_variant"
"3:179199113:A>C"	"96"	"1"	"missense_variant"
"3:179199133:A>G"	"103"	"2"	"missense_variant"
"3:179199135:C>A"	"104"	"2"	"missense_variant"
"3:179199136:C>G"	"104"	"2"	"missense_variant"
"3:179199136:C>T"	"104"	"5"	"missense_variant"
"3:179199141:G>A"	"106"	"1"	"missense_variant"
"3:179199141:G>C"	"106"	"5"	"missense_variant"
"3:179199142:G>C"	"106"	"1"	"missense_variant"
"3:179199142:G>T"	"106"	"13"	"missense_variant"
"3:179199145:A>C"	"107"	"2"	"missense_variant"
"3:179199145:A>G"	"107"	"1"	"missense_variant"
"3:179199145:A>T"	"107"	"1"	"missense_variant"
"3:179199147:C>T"	"108"	"1"	"missense_variant"
"3:179199148:G>A"	"108"	"19"	"missense_variant"
"3:179199148:G>T"	"108"	"1"	"missense_variant"
"3:179199157:A>G"	"111"	"1"	"missense_variant"
"3:179199158:G>C"	"111"	"5"	"missense_variant"
"3:179199158:G>T"	"111"	"5"	"missense_variant"
"3:179199159:A>T"	"112"	"1"	"missense_variant"
"3:179199160:T>A"	"112"	"1"	"missense_variant"
"3:179199169:G>C"	"115"	"3"	"missense_variant"
"3:179199169:G>T"	"115"	"6"	"missense_variant"
"3:179199690:G>A"	"118"	"38"	"missense_variant"
"3:179199706:G>T"	"123"	"1"	"missense_variant"
"3:179199707:C>G"	"124"	"1"	"missense_variant"
"3:179199708:C>A"	"124"	"2"	"missense_variant"
"3:179199708:C>T"	"124"	"2"	"missense_variant"
"3:179199712:G>A"	"125"	"1"	"synonymous_variant"
"3:179199746:C>A"	"137"	"1"	"missense_variant"
"3:179199747:A>T"	"137"	"1"	"missense_variant"
"3:179199769:G>A"	"144"	"1"	"synonymous_variant"
"3:179199788:G>A"	"151"	"1"	"missense_variant"
"3:179199805:C>A"	"156"	"1"	"synonymous_variant"
"3:179199810:C>T"	"158"	"1"	"missense_variant"
"3:179199865:A>G"	"176"	"1"	"synonymous_variant"
"3:179199868:G>C"	"177"	"1"	"missense_variant"
"3:179199881:T>C"	"182"	"1"	"missense_variant"
"3:179199889:A>G"	"184"	"1"	"synonymous_variant"
"3:179201309:C>A"	"194"	"1"	"synonymous_variant"
"3:179201351:T>A"	"208"	"1"	"synonymous_variant"
"3:179201354:G>A"	"209"	"1"	"synonymous_variant"
"3:179201358:A>G"	"211"	"1"	"missense_variant"
"3:179201415:C>A"	"230"	"1"	"synonymous_variant"
"3:179201415:C>G"	"230"	"1"	"missense_variant"
"3:179201432:C>T"	"235"	"1"	"synonymous_variant"
"3:179201455:T>-"	"243"	"1"	"frameshift_variant"
"3:179201497:G>A"	"257"	"1"	"missense_variant"
"3:179201499:G>A"	"258"	"1"	"missense_variant"
"3:179201523:C>T"	"266"	"1"	"missense_variant"
"3:179201528:G>C"	"267"	"1"	"synonymous_variant"
"3:179203546:T>A"	"272"	"1"	"stop_gained"
"3:179203551:G>A"	"274"	"1"	"missense_variant"
"3:179203573:G>A"	"281"	"1"	"synonymous_variant"
"3:179203574:A>G"	"282"	"1"	"missense_variant"
"3:179203591:G>A"	"287"	"1"	"synonymous_variant"
"3:179203592:A>G"	"288"	"1"	"missense_variant"
"3:179203616:C>G"	"296"	"1"	"missense_variant"
"3:179203629:A>T"	"300"	"1"	"missense_variant"
"3:179203642:G>A"	"304"	"1"	"missense_variant"
"3:179203645:A>T"	"305"	"1"	"synonymous_variant"
"3:179203658:C>T"	"310"	"1"	"missense_variant"
"3:179203665:C>G"	"312"	"1"	"missense_variant"
"3:179203676:C>G"	"316"	"1"	"missense_variant"
"3:179203708:C>T"	"326"	"2"	"synonymous_variant"
"3:179203711:T>G"	"327"	"1"	"synonymous_variant"
"3:179203732:C>G"	"334"	"1"	"synonymous_variant"
"3:179203732:C>T"	"334"	"1"	"synonymous_variant"
"3:179203733:A>G"	"335"	"1"	"missense_variant"
"3:179203760:G>A"	"344"	"9"	"missense_variant"
"3:179203761:T>C"	"344"	"2"	"missense_variant"
"3:179203761:T>G"	"344"	"14"	"missense_variant"
"3:179203763:A>C"	"345"	"2"	"missense_variant"
"3:179203763:A>T"	"345"	"1"	"missense_variant"
"3:179203764:A>C"	"345"	"3"	"missense_variant"
"3:179203764:A>G"	"345"	"2"	"missense_variant"
"3:179203764:A>T"	"345"	"5"	"missense_variant"
"3:179203765:T>A"	"345"	"67"	"missense_variant"
"3:179203778:G>A"	"350"	"4"	"missense_variant"
"3:179203779:A>G"	"350"	"9"	"missense_variant"
"3:179204513:G>A"	"357"	"2"	"missense_variant"
"3:179204518:G>C"	"359"	"2"	"missense_variant"
"3:179204531:G>C"	"363"	"1"	"missense_variant"
"3:179204533:G>A"	"364"	"5"	"missense_variant"
"3:179204536:G>A"	"365"	"10"	"missense_variant"
"3:179204537:A>T"	"365"	"2"	"missense_variant"
"3:179204540:C>G"	"366"	"4"	"missense_variant"
"3:179204575:T>C"	"378"	"2"	"missense_variant"
"3:179204576:G>A"	"378"	"3"	"missense_variant"
"3:179204576:G>T"	"378"	"4"	"missense_variant"
"3:179204578:T>A"	"379"	"1"	"missense_variant"
"3:179204582:A>G"	"380"	"2"	"missense_variant"
"3:179209617:G>A"	"390"	"1"	"missense_variant"
"3:179209632:G>T"	"395"	"1"	"missense_variant"
"3:179209642:G>A"	"398"	"1"	"missense_variant"
"3:179209644:G>A"	"399"	"1"	"missense_variant"
"3:179209656:T>A"	"403"	"1"	"missense_variant"
"3:179209663:C>T"	"405"	"1"	"missense_variant"
"3:179209684:G>A"	"412"	"1"	"missense_variant"
"3:179209689:G>C"	"414"	"1"	"missense_variant"
"3:179209698:G>A"	"417"	"1"	"missense_variant"
"3:179209698:G>C"	"417"	"1"	"missense_variant"
"3:179210186:G>A"	"418"	"4"	"missense_variant"
"3:179210191:C>T"	"419"	"1"	"synonymous_variant"
"3:179210192:T>C"	"420"	"42"	"missense_variant"
"3:179210196:C>T"	"421"	"1"	"missense_variant"
"3:179210271:G>C"	"446"	"1"	"missense_variant"
"3:179210279:C>A"	"449"	"1"	"missense_variant"
"3:179210279:C>T"	"449"	"3"	"missense_variant"
"3:179210280:C>T"	"449"	"2"	"missense_variant"
"3:179210285:G>A"	"451"	"3"	"missense_variant"
"3:179210286:G>T"	"451"	"1"	"missense_variant"
"3:179210291:G>A"	"453"	"22"	"missense_variant"
"3:179210291:G>C"	"453"	"7"	"missense_variant"
"3:179210292:A>T"	"453"	"1"	"missense_variant"
"3:179210301:T>G"	"456"	"1"	"missense_variant"
"3:179210307:C>G"	"458"	"2"	"missense_variant"
"3:179210330:C>T"	"466"	"1"	"missense_variant"
"3:179210437:C>G"	"471"	"1"	"missense_variant"
"3:179210438:C>T"	"471"	"5"	"missense_variant"
"3:179210447:A>C"	"474"	"1"	"missense_variant"
"3:179210454:G>A"	"476"	"2"	"synonymous_variant"
"3:179210463:G>C"	"479"	"1"	"missense_variant"
"3:179210503:G>A"	"493"	"2"	"missense_variant"
"3:179210509:C>T"	"495"	"1"	"missense_variant"
"3:179210510:A>T"	"495"	"1"	"missense_variant"
"3:179210517:T>C"	"497"	"2"	"synonymous_variant"
"3:179210529:C>T"	"501"	"1"	"synonymous_variant"
"3:179210556:C>T"	"510"	"2"	"synonymous_variant"
"3:179210562:A>T"	"512"	"1"	"synonymous_variant"
"3:179218225:A>G"	"519"	"1"	"missense_variant"
"3:179218229:A>T"	"520"	"1"	"missense_variant"
"3:179218261:C>G"	"531"	"1"	"missense_variant"
"3:179218279:C>A"	"537"	"1"	"synonymous_variant"
"3:179218282:G>A"	"538"	"1"	"missense_variant"
"3:179218285:C>T"	"539"	"1"	"missense_variant"
"3:179218286:C>G"	"539"	"7"	"missense_variant"
"3:179218288:C>T"	"540"	"1"	"missense_variant"
"3:179218290:C>G"	"540"	"1"	"synonymous_variant"
"3:179218290:C>T"	"540"	"1"	"synonymous_variant"
"3:179218293:T>C"	"541"	"1"	"synonymous_variant"
"3:179218294:G>A"	"542"	"301"	"missense_variant"
"3:179218294:G>C"	"542"	"3"	"missense_variant"
"3:179218295:A>C"	"542"	"6"	"missense_variant"
"3:179218295:A>G"	"542"	"3"	"missense_variant"
"3:179218295:A>T"	"542"	"4"	"missense_variant"
"3:179218303:G>A"	"545"	"482"	"missense_variant"
"3:179218303:G>C"	"545"	"14"	"missense_variant"
"3:179218304:A>C"	"545"	"30"	"missense_variant"
"3:179218304:A>G"	"545"	"15"	"missense_variant"
"3:179218305:G>C"	"545"	"6"	"missense_variant"
"3:179218305:G>T"	"545"	"3"	"missense_variant"
"3:179218306:C>A"	"546"	"32"	"missense_variant"
"3:179218306:C>G"	"546"	"4"	"missense_variant"
"3:179218307:A>C"	"546"	"17"	"missense_variant"
"3:179218307:A>G"	"546"	"30"	"missense_variant"
"3:179218307:A>T"	"546"	"2"	"missense_variant"
"3:179218308:G>C"	"546"	"1"	"missense_variant"
"3:179218308:G>T"	"546"	"2"	"missense_variant"
"3:179218311:G>A"	"547"	"1"	"synonymous_variant"
"3:179218311:G>C"	"547"	"1"	"missense_variant"
"3:179218313:A>C"	"548"	"2"	"missense_variant"
"3:179218338:A>T"	"-"	"1"	"splice_region_variant"
"3:179219200:T>A"	"557"	"1"	"missense_variant"
"3:179219580:T>C"	"586"	"1"	"synonymous_variant"
"3:179219588:A>G"	"588"	"1"	"synonymous_variant"
"3:179219603:C>G"	"593"	"2"	"missense_variant"
"3:179219622:G>A"	"600"	"3"	"missense_variant"
"3:179219623:A>T"	"600"	"1"	"missense_variant"
"3:179219634:T>C"	"604"	"4"	"missense_variant"
"3:179219657:T>G"	"611"	"1"	"synonymous_variant"
"3:179219664:T>A"	"614"	"1"	"missense_variant"
"3:179219684:A>G"	"620"	"1"	"synonymous_variant"
"3:179219730:G>C"	"636"	"1"	"missense_variant"
"3:179219961:G>A"	"642"	"1"	"missense_variant"
"3:179219967:T>C"	"644"	"1"	"missense_variant"
"3:179219987:G>C"	"650"	"1"	"synonymous_variant"
"3:179220011:G>A"	"658"	"1"	"synonymous_variant"
"3:179220011:G>T"	"658"	"1"	"missense_variant"
"3:179220038:C>G"	"667"	"1"	"missense_variant"
"3:179220050:A>G"	"671"	"1"	"splice_region_variant"
"3:179220060:T>G"	"-"	"1"	"splice_region_variant"
"3:179220987:T>A"	"673"	"1"	"missense_variant"
"3:179220990:G>C"	"674"	"2"	"missense_variant"
"3:179220999:A>G"	"677"	"1"	"missense_variant"
"3:179221001:T>C"	"677"	"1"	"synonymous_variant"
"3:179221015:A>-"	"682"	"1"	"frameshift_variant"
"3:179221020:T>C"	"684"	"1"	"missense_variant"
"3:179221034:G>A"	"688"	"1"	"synonymous_variant"
"3:179221088:C>T"	"706"	"2"	"synonymous_variant"
"3:179221098:G>C"	"710"	"1"	"missense_variant"
"3:179221103:G>T"	"711"	"1"	"missense_variant"
"3:179221134:G>A"	"722"	"1"	"missense_variant"
"3:179221143:G>A"	"725"	"1"	"missense_variant"
"3:179221143:G>C"	"725"	"1"	"missense_variant"
"3:179221144:A>G"	"725"	"2"	"missense_variant"
"3:179221146:G>A"	"726"	"45"	"missense_variant"
"3:179221147:A>C"	"726"	"1"	"missense_variant"
"3:179221147:A>G"	"726"	"1"	"missense_variant"
"3:179221154:A>G"	"728"	"1"	"synonymous_variant"
"3:179224085:A>G"	"731"	"1"	"missense_variant"
"3:179224086:G>T"	"731"	"1"	"missense_variant"
"3:179224091:A>G"	"733"	"1"	"missense_variant"
"3:179224102:G>A"	"737"	"1"	"missense_variant"
"3:179224115:G>A"	"741"	"2"	"missense_variant"
"3:179224129:G>T"	"746"	"1"	"missense_variant"
"3:179224147:C>G"	"752"	"1"	"missense_variant"
"3:179224158:A>G"	"755"	"1"	"synonymous_variant"
"3:179224185:C>T"	"764"	"2"	"splice_region_variant"
"3:179224701:C>A"	"766"	"1"	"missense_variant"
"3:179224701:C>T"	"766"	"1"	"missense_variant"
"3:179224747:T>G"	"781"	"1"	"missense_variant"
"3:179224748:G>A"	"781"	"1"	"synonymous_variant"
"3:179224770:A>T"	"789"	"1"	"missense_variant"
"3:179224776:G>C"	"791"	"2"	"missense_variant"
"3:179224805:C>A"	"800"	"1"	"synonymous_variant"
"3:179224817:G>A"	"804"	"1"	"synonymous_variant"
"3:179225993:T>G"	"816"	"1"	"missense_variant"
"3:179225997:C>T"	"818"	"1"	"missense_variant"
"3:179226024:C>T"	"827"	"1"	"stop_gained"
"3:179226039:C>T"	"832"	"1"	"stop_gained"
"3:179229290:T>C"	"838"	"1"	"synonymous_variant"
"3:179229291:C>G"	"839"	"1"	"missense_variant"
"3:179229291:C>T"	"839"	"1"	"synonymous_variant"
"3:179229321:G>A"	"849"	"1"	"missense_variant"
"3:179229331:G>A"	"852"	"2"	"missense_variant"
"3:179229368:C>T"	"864"	"1"	"synonymous_variant"
"3:179229369:G>A"	"865"	"1"	"missense_variant"
"3:179229373:T>G"	"866"	"3"	"missense_variant"
"3:179229374:G>C"	"866"	"1"	"missense_variant"
"3:179229404:A>T"	"876"	"1"	"synonymous_variant"
"3:179229412:A>G"	"879"	"1"	"missense_variant"
"3:179229428:G>C"	"884"	"1"	"missense_variant"
"3:179229432:A>G"	"886"	"1"	"missense_variant"
"3:179229438:G>T"	"888"	"1"	"stop_gained"
"3:179229447:G>A"	"-"	"1"	"splice_region_variant"
"3:179230039:G>T"	"901"	"6"	"missense_variant"
"3:179230050:T>A"	"905"	"1"	"missense_variant"
"3:179230053:G>A"	"906"	"1"	"missense_variant"
"3:179230063:T>G"	"909"	"1"	"missense_variant"
"3:179230077:G>A"	"914"	"2"	"missense_variant"
"3:179230077:G>C"	"914"	"1"	"missense_variant"
"3:179230078:G>A"	"914"	"1"	"missense_variant"
"3:179230217:T>G"	"-"	"1"	"splice_region_variant"
"3:179230256:A>G"	"939"	"4"	"missense_variant"
"3:179230289:A>C"	"950"	"1"	"missense_variant"
"3:179230308:G>C"	"956"	"1"	"missense_variant"
"3:179230309:A>C"	"957"	"1"	"missense_variant"
"3:179230313:A>G"	"958"	"1"	"missense_variant"
"3:179230329:G>A"	"963"	"1"	"synonymous_variant"
"3:179230348:G>A"	"970"	"4"	"missense_variant"
"3:179230351:T>C"	"971"	"1"	"missense_variant"
"3:179230372:G>A"	"978"	"1"	"missense_variant"
"3:179230375:A>G"	"979"	"1"	"missense_variant"
"3:179234098:C>G"	"981"	"1"	"missense_variant"
"3:179234112:C>A"	"985"	"1"	"stop_gained"
"3:179234113:A>G"	"986"	"1"	"missense_variant"
"3:179234132:G>C"	"992"	"2"	"missense_variant"
"3:179234138:A>G"	"994"	"1"	"missense_variant"
"3:179234167:A>G"	"1004"	"3"	"missense_variant"
"3:179234169:G>A"	"1004"	"3"	"missense_variant"
"3:179234169:G>T"	"1004"	"3"	"missense_variant"
"3:179234170:A>G"	"1005"	"1"	"missense_variant"
"3:179234176:G>C"	"1007"	"6"	"missense_variant"
"3:179234191:G>C"	"1012"	"1"	"missense_variant"
"3:179234203:T>A"	"1016"	"1"	"missense_variant"
"3:179234206:G>A"	"1017"	"1"	"missense_variant"
"3:179234206:G>C"	"1017"	"1"	"missense_variant"
"3:179234218:T>C"	"1021"	"2"	"missense_variant"
"3:179234219:A>G"	"1021"	"6"	"missense_variant"
"3:179234230:A>G"	"1025"	"4"	"missense_variant"
"3:179234231:C>G"	"1025"	"2"	"missense_variant"
"3:179234231:C>T"	"1025"	"1"	"missense_variant"
"3:179234238:C>A"	"1027"	"1"	"synonymous_variant"
"3:179234242:G>C"	"1029"	"1"	"missense_variant"
"3:179234242:G>T"	"1029"	"1"	"missense_variant"
"3:179234244:T>C"	"1029"	"1"	"synonymous_variant"
"3:179234254:C>A"	"1033"	"1"	"missense_variant"
"3:179234262:T>G"	"1035"	"1"	"synonymous_variant"
"3:179234266:G>A"	"1037"	"1"	"missense_variant"
"3:179234275:A>G"	"1040"	"1"	"missense_variant"
"3:179234275:A>T"	"1040"	"1"	"missense_variant"
"3:179234276:T>C"	"1040"	"2"	"missense_variant"
"3:179234277:G>A"	"1040"	"1"	"missense_variant"
"3:179234284:A>G"	"1043"	"16"	"missense_variant"
"3:179234284:A>T"	"1043"	"1"	"missense_variant"
"3:179234285:T>C"	"1043"	"1"	"missense_variant"
"3:179234286:G>A"	"1043"	"13"	"missense_variant"
"3:179234286:G>C"	"1043"	"4"	"missense_variant"
"3:179234286:G>T"	"1043"	"8"	"missense_variant"
"3:179234287:A>T"	"1044"	"2"	"missense_variant"
"3:179234288:A>G"	"1044"	"1"	"missense_variant"
"3:179234289:T>A"	"1044"	"6"	"missense_variant"
"3:179234289:T>G"	"1044"	"4"	"missense_variant"
"3:179234291:A>T"	"1045"	"2"	"missense_variant"
"3:179234295:A>C"	"1046"	"1"	"synonymous_variant"
"3:179234296:C>T"	"1047"	"17"	"missense_variant"
"3:179234297:A>G"	"1047"	"469"	"missense_variant"
"3:179234297:A>T"	"1047"	"79"	"missense_variant"
"3:179234298:T>A"	"1047"	"4"	"missense_variant"
"3:179234298:T>G"	"1047"	"1"	"missense_variant"
"3:179234300:A>G"	"1048"	"1"	"missense_variant"
"3:179234302:G>A"	"1049"	"1"	"missense_variant"
"3:179234302:G>C"	"1049"	"17"	"missense_variant"
"3:179234303:G>A"	"1049"	"1"	"missense_variant"
"3:179234303:G>C"	"1049"	"1"	"missense_variant"
"3:179234312:C>A"	"1052"	"4"	"missense_variant"
"3:179234329:A>C"	"1058"	"1"	"missense_variant"
"3:179234331:C>G"	"1058"	"1"	"missense_variant"
"3:179234351:A>T"	"1065"	"2"	"missense_variant"
"3:179234354:C>T"	"1066"	"1"	"missense_variant"
"3:179234359:A>T"	"1068"	"1"	"missense_variant"
"3:179234364:A>G"	"1069"	"2"	"stop_lost"