Query_ID	Target_ID	Optimal_offset	p-value	E-value	q-value	Overlap	Query_consensus	Target_consensus	Orientation
TGGWMTATACCAAAT	MX000004	1	0.00120393	0.671795	0.670936	13	TGGTATATACCAAAT	TTGATATAAATCAA	-
TGGWMTATACCAAAT	MX000248	1	0.00120393	0.671795	0.670936	13	TGGTATATACCAAAT	TTGAAATAGATCAA	-
TGGWMTATACCAAAT	MX000366	2	0.00310688	1.73364	0.692568	14	TGGTATATACCAAAT	AGTGATATATATCACA	+
TGGWMTATACCAAAT	DasR_Streptomycineae	2	0.0039357	2.19612	0.704165	14	TGGTATATACCAAAT	AGTGGTCTAGACCAGT	-
TGGWMTATACCAAAT	MX000087	1	0.00617644	3.44646	0.740393	13	TGGTATATACCAAAT	CTTGTATATACAAG	+
TGGWMTATACCAAAT	NadR_Enterobacteriales	2	0.00666667	3.72	0.740393	15	TGGTATATACCAAAT	TGTTTAATATACTAAACA	-
TGGWMTATACCAAAT	MX000185	-1	0.00681403	3.80223	0.740393	13	TGGTATATACCAAAT	GAAATATAACAAT	+
TGGWMTATACCAAAT	SMc04401_Alpha_Gamma	4	0.00730712	4.07737	0.740393	15	TGGTATATACCAAAT	AAATTGGAACGTTCCAATTA	+
TGGWMTATACCAAAT	MX000231	-2	0.00962397	5.37018	0.851586	10	TGGTATATACCAAAT	GTATATCACA	-
TGGWMTATACCAAAT	Fnr_Gammaproteobacteria	1	0.0123722	6.90367	0.861855	13	TGGTATATACCAAAT	TTGATGTATATCAA	-
TGGWMTATACCAAAT	MX000151	0	0.0139701	7.79531	0.915923	13	TGGTATATACCAAAT	TCGTAAATTTTCA	+
TGGWMTATACCAAAT	MX000382	1	0.0163214	9.10733	0.927163	13	TGGTATATACCAAAT	TTGATGAATATCAA	-
TGGWMTATACCAAAT	ECA3649_Erwinia	5	0.0166371	9.2835	0.927163	15	TGGTATATACCAAAT	GCTTTTGGCATACCAAAAAT	-

# Tomtom (Motif Comparison Tool): Version 5.5.7 compiled on Aug 29 2024 at 17:50:26
# The format of this file is described at https://meme-suite.org/meme/doc/tomtom-output-format.html.
# tomtom -no-ssc -oc . -verbosity 1 -min-overlap 5 -mi 1 -dist pearson -evalue -thresh 10.0 -time 300 motif_number_1_from_meme.html.txt db/PROKARYOTE/prodoric_2021.9.meme db/PROKARYOTE/collectf.meme db/PROKARYOTE/regtransbase.meme
